Place_Id,Place_Name,Description,Category,City,Price,Rating,Coordinate,Lat,Long
1,Monumen Nasional,"Monumen Nasional atau yang populer disingkat dengan Monas atau Tugu Monas adalah monumen peringatan setinggi 132 meter (433 kaki) yang didirikan untuk mengenang perlawanan dan perjuangan rakyat Indonesia untuk merebut kemerdekaan dari pemerintahan kolonial Hindia Belanda. Pembangunan monumen ini dimulai pada tanggal 17 Agustus 1961 di bawah perintah presiden Soekarno dan dibuka untuk umum pada tanggal 12 Juli 1975. Tugu ini dimahkotai lidah api yang dilapisi lembaran emas yang melambangkan semangat perjuangan yang menyala-nyala. Monumen Nasional terletak tepat di tengah Lapangan Medan Merdeka, Jakarta Pusat.",Budaya,Jakarta,20000,4.6,"{'lat': -6.1753924, 'lng': 106.8271528}",-6.1753924,106.8271528
2,Kota Tua,"Kota tua di Jakarta, yang juga bernama Kota Tua, berpusat di Alun-Alun Fatahillah, yaitu alun-alun yang ramai dengan pertunjukan rutin tarian tradisional. Museum Sejarah Jakarta adalah bangunan era Belanda dengan lukisan dan barang antik, sedangkan Museum Wayang memamerkan boneka kayu khas Jawa. Desa Glodok, atau Chinatown, terkenal dengan makanan kaki lima, seperti pangsit dan mi goreng. Di dekatnya, terdapat sekunar dan kapal penangkap ikan di pelabuhan Sunda Kelapa yang kuno",Budaya,Jakarta,0,4.6,"{'lat': -6.137644799999999, 'lng': 106.8171245}",-6.1376448,106.8171245
3,Dunia Fantasi,"Dunia Fantasi atau disebut juga Dufan adalah tempat hiburan yang terletak di kawasan Taman Impian Jaya Ancol, Jakarta Utara, Indonesia. Dufan diresmikan dan dibuka pada tanggal 29 Agustus 1985.",Taman Hiburan,Jakarta,270000,4.6,"{'lat': -6.125312399999999, 'lng': 106.8335377}",-6.1253124,106.8335377
4,Taman Mini Indonesia Indah (TMII),"Taman Mini Indonesia Indah merupakan suatu kawasan taman wisata bertema budaya Indonesia di Jakarta Timur. Area seluas kurang lebih 150 hektare atau 1,5 kilometer persegi ini terletak pada koordinat 6°18′6.8″LS,106°53′47.2″BT",Taman Hiburan,Jakarta,10000,4.5,"{'lat': -6.302445899999999, 'lng': 106.8951559}",-6.3024459,106.8951559
5,Atlantis Water Adventure,"Atlantis Water Adventure atau dikenal dengan Atlantis Ancol akan menyuguhkan petualangan wisata air tak terlupakan. Tempat Wisata bertemakan permainan air dengan luas 5 hektar ini memberi sensasi petualangan di 8 kolam utama. Yaitu kolam Antila, Plaza Atlas, Poseidon, Aquarius, Octopus, Kiddy Pool, dan Atlantean. Berlokasi di kawasan Ancol Jakarta Baycity, Atlantis bisa menjadi pilihan destinasi yang pas untuk wisata berenang.",Taman Hiburan,Jakarta,94000,4.5,"{'lat': -6.12419, 'lng': 106.839134}",-6.12419,106.839134
6,Taman Impian Jaya Ancol,Taman Impian Jaya Ancol merupakan sebuah objek wisata di Jakarta Utara.\n\n,Taman Hiburan,Jakarta,25000,4.5,"{'lat': -6.117333200000001, 'lng': 106.8579951}",-6.1173332,106.8579951
7,Kebun Binatang Ragunan,"Kebun Binatang Ragunan adalah sebuah kebun binatang yang terletak di daerah Ragunan, Pasar Minggu, Jakarta Selatan, Indonesia. Kebun binatang seluas 140 hektare ini didirikan pada tahun 1864. Di dalamnya terdapat berbagai koleksi yang terdiri dari 295 spesies dan 4040 spesimen.\nRagunan sempat ditutup selama sekitar tiga minggu sejak 19 September 2005 karena hewan-hewan di dalamnya ada yang terinfeksi flu burung, tetapi dibuka kembali pada 11 Oktober 2005.Kebun binatang ini memiliki banyak spesies hewan yang langka antara lain kakatua, orangutan, gorila, anoa dan gajah",Cagar Alam,Jakarta,4000,4.5,"{'lat': -6.3124593, 'lng': 106.8201865}",-6.3124593,106.8201865
8,Ocean Ecopark,"Ocean Ecopark Salah satu zona rekreasi Ancol yang menawarkan ruang terbuka hijau serta pengalaman dan tidak melupakan sisi pendidikan bagi para pengunjung. Beragam aktivitas dan wahana seru yang bisa dimainkan di tempat rekreasi keluarga, beberapa diantaranya : Outbondholic, Rumah Energy, Rumah Lebah, Kano, Paintball, Outbondholic, Eco-Market, Learning Farm, Eco-Bike, Faunaland. Kalau berencana berwisata ke Ocean Eco Park ancol tidak perlu khawatir dengan harga tiket masuknya. Karena harga tiket masuk Ocean Eco Park ditawarkan dengan harga yang masih terjangkau.",Taman Hiburan,Jakarta,180000,4.0,"{'lat': -6.125801699999999, 'lng': 106.8363249}",-6.1258017,106.8363249
9,Pelabuhan Marina,"Pelabuhan Marina Ancol berada di kawasan Taman Impian Jaya Ancol, Jakarta. Pelabuhan yang biasa disebut Dermaga Marina Ancol ini adalah kawasan yang tidak hanya untuk keperluan penyeberangan saja, tetapi juga dikembangkan untuk banyak hal, seperti wisata air, olahraga air maupun wahana bermain. Fungsi utama dari pelabuhan ini adalah untuk melayani para penumpang yang ingin menyeberang menuju ke kepulauan Seribu, begitu juga sebaliknya. Banyak orang yang berada di Jakarta dan sekitarnya, menjadikan kepulaun Seribu sebagai tujuan wisata yang utama. Liburan di Pulau Seribu memang mampu menghilangkan kepenatan bekerja di kota metropolitan, sembari menikmati keindahan pantai yang masih terjaga dengan baik. Marina Ancol berada di Jakarta Utara atau secara lengkap beralamat di Kota Tua, Ancol, Pademangan, Kota Jakarta. Sangat mudah menuju ke tempat ini karena tidak terlalu jauh dari pusat kota. Selain itu, ada banyak transportasi umum yang menuju ke tempat ini atau bisa juga menggunakan jasa transportasi online.",Bahari,Jakarta,175000,4.4,"{'lat': 1.07888, 'lng': 103.931398}",1.07888,103.931398
10,Pulau Tidung,"Pulau Tidung adalah salah satu kelurahan di kecamatan Kepulauan Seribu Selatan, Kabupaten Kepulauan Seribu, Jakarta, Indonesia.",Bahari,Jakarta,150000,4.5,"{'lat': -5.803205300000001, 'lng': 106.5237907}",-5.8032053,106.5237907
11,Pulau Bidadari,"Pulau Bidadari merupakan salah satu resor di Kabupaten Kepulauan Seribu, Jakarta. Sebelum bernama Pulau Bidadari, pulau ini memiliki dua nama yaitu Pulau Sakit dan Pulau Purmerend",Bahari,Jakarta,5000,4.6,"{'lat': -6.035832999999999, 'lng': 106.746944}",-6.035833,106.746944
12,Pulau Pari,"Pulau Pari adalah sebuah pulau yang terletak di Kepulauan Seribu di Daerah Khusus Ibukota Jakarta, Indonesia.",Bahari,Jakarta,150000,4.0,"{'lat': -5.9074328, 'lng': 106.5863989}",-5.9074328,106.5863989
13,Pulau Pramuka,Pulau Pramuka merupakan salah satu pulau yang berada dalam gugusan Kepulauan Seribu. Pulau ini merupakan pusat administrasi dan pemerintahan Kabupaten Administrasi Kepulauan Seribu. Pulau Pramuka termasuk ke dalam wilayah Kelurahan Pulau Panggang.,Bahari,Jakarta,5000,4.2,"{'lat': -5.745962, 'lng': 106.6136577}",-5.745962,106.6136577
14,Pulau Pelangi,"Pulau Pelangi adalah sebuah pulau yang terletak di Kepulauan Seribu di Daerah Khusus Ibukota Jakarta, Indonesia. Pulau Pelangi adalah sebuah pulau yang terletak di Kepulauan Seribu di Daerah Khusus Ibukota Jakarta, Indonesia, Pulau Pelangi / biasa disebut Pulau Petondan Besar ( Pelangi Island ) merupakan pulau resort yang sesuai untuk berlibur. Pulau Resort ini mempunyai konsep natural, karena sebagian wilayahnya di penuhi dengan rerimbunan pohon yang menyejukan mata, Keindahan alam dan lautnya layak untuk dikunjungi. Dikelilingi oleh rimbunan pohon dan laut berwarana biru jernih membuat suasanan sejuk dan nyaman. Kondisi yang ideal untuk wisata bersama keluarga. Dengan akomodasi yang langsung menghadap ke laut membuat turis betah berlama-lama di Pulau Pelangi.\nMenurut informasi, Pulau Pelangi atau Pulau Petondan Besar merupakan pulau yang berada pada gugusan Kepulauan Seribu. Secara administratif termasuk dalam wilayah Kabupaten Administratif Kepulauan Seribu provinsi DKI Jakarta. Bersamaan dengan Pulau Petondan Kecil merupakan sebuah resort berlibur. Letaknya berdekatan dengan gugusan yang sama dengan Pulau Kelor dan Pulau Kelapa.\nUntuk mencapai Pelangi Resort dibutuhkan waktu 90 menit perjalanan dari dermaga Pantai Mutiara. Terdapat kapal speedboat khusus di pier R1 Pantai Mutiara yang membawa penumpang kesana. Letaknya 60 – 70 km dari Pantai Mutiara memang lumayan jauh. Namun perjalanan anda terbayar lunas begitu sampai di Pulau Pelangi.",Bahari,Jakarta,900000,4.8,"{'lat': -5.587055, 'lng': 106.5885}",-5.587055,106.5885
15,Pasar Seni,"Pasar Seni merupakan Pusat kerajinan dan kesenian yang menjadi wadah bagi seniman berbakat untuk menyalurkan kerajinan seni yang mereka miliki. Seniman dapat bertemu dengan para kolektor seni dan pengusaha untuk saling berbagi informasi dan memasarkan produk yang dimiliki. Didirikan awal tahun 1977, dengan peletakan batu pertama oleh Bang Ali Sadikin, Gubernur pertama DKI Jakarta, tepatnya pada bulan Juli 1977. Dan diresmikan oleh Gubernur H. Tjokropanolo pada tanggal 17 Desember 1977. Sejak diresmikan Pasar Seni, mendapat sambutan positif bagi pada pecinta seni yang ada.",Pusat Perbelanjaan,Jakarta,0,4.4,"{'lat': -6.1766868, 'lng': 106.8417666}",-6.1766868,106.8417666
16,Jembatan Kota Intan,"Jembatan Kota Intan adalah jembatan tertua di Indonesia yang dibangun pada tahun 1628 oleh pemerintah Vereenigde Oostindische Compagnie atau VOC, atau masyarakat kita lebih familiar dengan sebutan Kumpeni. Jembatan itu kini terletak di Kali Besar kawasan Kota Tua wilayah Jakarta Barat dan berada di bawah pengelolaan Dinas Pariwisata dan Kebudayaan Provinsi DKI Jakarta.",Budaya,Jakarta,0,4.3,"{'lat': -6.1314572, 'lng': 106.8106169}",-6.1314572,106.8106169
17,Museum Fatahillah,"Museum Fatahillah memiliki nama resmi Museum Sejarah Jakarta adalah sebuah museum yang terletak di Jalan Taman Fatahillah No. 1, Jakarta Barat dengan luas lebih dari 1.300 meter persegi.\nBangunan ini dahulu merupakan balai kota Batavia (bahasa Belanda: Stadhuis van Batavia) yang dibangun pada tahun 1707-1710 atas perintah Gubernur-Jendral Joan van Hoorn. Bangunan ini menyerupai Istana Dam di Amsterdam, terdiri atas bangunan utama dengan dua sayap di bagian timur dan barat serta bangunan sanding yang digunakan sebagai kantor, ruang pengadilan, dan ruang-ruang bawah tanah yang dipakai sebagai penjara. Pada tanggal 30 Maret 1974, bangunan ini kemudian diresmikan oleh bapak Ali Sadikin sebagai Museum Sejarah Jakarta.",Budaya,Jakarta,5000,4.4,"{'lat': -6.136448899999999, 'lng': 106.8130661}",-6.1364489,106.8130661
18,Museum Bank Indonesia,"Museum Bank Indonesia adalah sebuah museum di Jakarta, Indonesia yang terletak di Jl. Pintu Besar Utara No.3, Jakarta Barat (depan stasiun Beos Kota), dengan menempati area bekas gedung Bank Indonesia Kota yang merupakan cagar budaya peninggalan De Javasche Bank yang beraliran neo-klasikal, dipadu dengan pengaruh lokal, dan dibangun pertama kali pada tahun 1828.\nPada tahun 1625, di tempat ini pernah dibangun sebuah gereja sederhana untuk umat Protestan. Pada tahun 1628, gereja ini dibongkar karena digunakan untuk tempat meriam besar ketika puluhan ribu tentara Sultan Agung menyerang Batavia untuk pertama kali.Museum ini menyajikan informasi peran Bank Indonesia dalam perjalanan sejarah bangsa yang dimulai sejak sebelum kedatangan bangsa barat di Nusantara hingga terbentuknya Bank Indonesia pada tahun 1953 dan kebijakan-kebijakan Bank Indonesia, meliputi pula latar belakang dan dampak kebijakan Bank Indonesia bagi masyarakat sampai dengan tahun 2005. Penyajiannya dikemas sedemikian rupa dengan memanfaatkan teknologi modern dan multi media, seperti display elektronik, panel statik, televisi plasma, dan diorama sehingga menciptakan kenyamanan pengunjung dalam menikmati Museum Bank Indonesia. Selain itu terdapat pula fakta dan koleksi benda bersejarah pada masa sebelum terbentuknya Bank Indonesia, seperti pada masa kerajaan-kerajaan Nusantara, antara lain berupa koleksi uang numismatik yang ditampilkan juga secara menarik.\nPeresmian Museum Bank Indonesia dilakukan melalui dua tahap, yaitu peresmian tahap I dan mulai dibuka untuk masyarakat (soft opening) pada tanggal 15 Desember 2006 oleh Gubernur Bank Indonesia saat itu, Burhanuddin Abdullah, dan peresmian tahap II (grand opening) oleh Presiden RI Susilo Bambang Yudhoyono, pada tanggal 21 Juli 2009.\nMuseum Bank Indonesia buka setiap hari kecuali Senin dan hari libur nasional.",Budaya,Jakarta,2000,4.7,"{'lat': -6.137127, 'lng': 106.813005}",-6.137127,106.813005
19,Kidzania,"KidZania adalah sebuah waralaba swasta Meksiko berupa pusat hiburan keluarga yang saat ini beroperasi di 23 lokasi, yang memungkinkan anak-anak melakukan pekerjaan orang dewasa dan mendapat bayaran. KidZania telah dikunjungi oleh lebih dari 31 juta pengunjung di seluruh dunia sejak pembukaannya, menjadikannya salah satu merek hiburan global yang paling cepat berkembang di dunia.",Taman Hiburan,Jakarta,185000,4.6,"{'lat': -6.225073499999999, 'lng': 106.8097144}",-6.2250735,106.8097144
20,Museum Taman Prasasti,"Museum Taman Prasasti adalah sebuah museum cagar budaya peninggalan masa kolonial Belanda yang berada di Jalan Tanah Abang No. 1, Jakarta Pusat. Museum ini memiliki koleksi prasasti nisan kuno serta miniatur makam khas dari 27 provinsi di Indonesia, beserta koleksi kereta jenazah antik. Museum seluas 1,2 ha ini merupakan museum terbuka yang menampilkan karya seni dari masa lampau tentang kecanggihan para pematung, pemahat, kaligrafer dan sastrawan yang menyatu.",Budaya,Jakarta,2000,4.5,"{'lat': -6.172224099999998, 'lng': 106.8189695}",-6.1722241,106.8189695
85,Taman Pintar Yogyakarta,"Taman Pintar Yogyakarta (bahasa Jawa: Hanacaraka,ꦠꦩꦤ꧀​ꦥꦶꦤ꧀ꦠꦂ​ꦔꦪꦺꦴꦒꦾꦏꦂꦠ, Taman Pintar Ngayogyakarta) adalah wahana wisata yang terdapat di pusat Kota Yogyakarta, tepatnya di Jalan Panembahan Senopati No. 1-3, Yogyakarta, di kawasan Benteng Vredeburg. Taman ini memadukan tempat wisata rekreasi maupun edukasi dalam satu lokasi. Taman Pintar memiliki arena bermain sekaligus sarana edukasi yang terbagi dalam beberapa zona. Akses langsung kepada pusat buku eks Shopping Centre juga menambah nilai lebih Taman Pintar. Tempat rekreasi ini sangat baik untuk anak-anak pada masa perkembangan.\nBeberapa tahun ini Taman Pintar menjadi alternatif tempat berwisata bagi masyarakat Yogyakarta maupun luar kota.Taman ini, khususnya pada wahana pendidikan anak usia dini dilengkapi dengan teknologi interaktif digital serta pemetaan video yang akan memacu imajinasi anak serta ketertarikan mereka terhadap teknologi. Pada saat ini ada 35 zona dan 3.500 alat peraga permainan yang edukatif.",Taman Hiburan,Yogyakarta,6000,4.5,"{'lat': -7.800671500000001, 'lng': 110.3676551}",-7.8006715,110.3676551
86,Keraton Yogyakarta,"Keraton Ngayogyakarta Hadiningrat atau Keraton Yogyakarta (bahasa Jawa: ꦏꦫꦠꦺꦴꦤ꧀​ꦔꦪꦺꦴꦒꦾꦏꦂꦠ​ꦲꦢꦶꦤꦶꦔꦿꦠ꧀, translit. Karaton Ngayogyakarta Hadiningrat) merupakan istana resmi Kesultanan Ngayogyakarta Hadiningrat yang kini berlokasi di Kota Yogyakarta. Keraton ini didirikan oleh Sri Sultan Hamengkubuwana I pada tahun 1755 sebagai Istana/Keraton Yogyakarta yang baru berdiri akibat perpecahan Mataram Islam dengan adanya Perjanjian Giyanti. Keraton ini adalah pecahan dari Keraton Surakarta Hadiningrat dari Kesunanan Surakarta (Kerajaan Surakarta). Sehingga dinasti Mataram diteruskan oleh 2 Kerajaan yakni Kesultanan Yogyakarta dan Kesunanan Surakarta. Total luas wilayah keseluruhan keraton yogyakarta mencapai 184 hektar, yakni meliputi seluruh area di dalam benteng Baluwarti, alun-alun Lor, alun-alun Kidul, gapura Gladak, dan kompleks Masjid Gedhe Yogyakarta. Sementara luas dari kedhaton (inti keraton) mencapai 13 hektar. Walaupun Kesultanan Yogyakarta secara resmi telah menjadi bagian Republik Indonesia pada tahun 1945, kompleks bangunan keraton ini masih berfungsi sebagai tempat tinggal sultan dan rumah tangga istananya yang masih menjalankan tradisi kesultanan hingga saat ini. Keraton ini kini juga merupakan salah satu objek wisata di Kota Yogyakarta. Sebagian kompleks keraton merupakan museum yang menyimpan berbagai koleksi milik kesultanan, termasuk berbagai pemberian dari raja-raja Eropa, replika pusaka keraton, dan gamelan. Dari segi bangunannya, keraton ini merupakan salah satu contoh arsitektur istana Jawa yang terbaik, memiliki balairung-balairung mewah dan lapangan serta paviliun yang luas.",Budaya,Yogyakarta,15000,4.6,"{'lat': -7.8052845, 'lng': 110.3642031}",-7.8052845,110.3642031
87,Sindu Kusuma Edupark (SKE),"Sindu Kusuma Edupark (SKE) merupakan sebuah destinasi rekreasi yang terletak di Jogjakarta. Di tujuh hektar kawasan taman yang selesai dibangun tahun 2014 ini, terdapat bermacam-macam wahana, baik wahana bermain maupun wahana belajar yang bisa dinikmati oleh semua anggota keluarga. Wahana yang paling terkenal dari SKE adalah bianglalanya, yang merupakan sebuah wahana bermain sekaligus ikon SKE sendiri. Bila Singapore memiliki Flyer setinggi 165 meter, sementara Malaysia punya Eye setinggi 88 meter, dan di Thailand ada Asiatique setinggi 60 meter, Indonesia memiliki Cakra Manggilingan dengan tinggi 48 meter. Di tingkat Asia Tenggara, bianglala ini memang mesti berpuas diri duduk di peringkat keenam sebagai bianglala tertinggi, tetapi di tingkat nasional, ia duduk di peringkat pertama.",Taman Hiburan,Yogyakarta,20000,4.2,"{'lat': -7.767297300000001, 'lng': 110.3542486}",-7.7672973,110.3542486
88,Museum Benteng Vredeburg Yogyakarta,"Museum Benteng Vredeburg (bahasa Jawa: ꦩꦸꦱꦶꦪꦸꦩ꧀​ꦧꦺꦠꦺꦁ​ꦮ꦳ꦽꦢꦼꦧꦸꦂꦒ꧀, translit. Musiyum Bètèng Vredeburg adalah sebuah benteng yang terletak di depan Gedung Agung dan Kraton Kesultanan Yogyakarta. Sekarang, benteng ini menjadi sebuah museum. Di sejumlah bangunan di dalam benteng ini terdapat diorama mengenai sejarah Indonesia.",Budaya,Yogyakarta,3000,4.6,"{'lat': -7.800201599999999, 'lng': 110.3663044}",-7.8002016,110.3663044
89,De Mata Museum Jogja,"Museum De Mata merupakan salah satu museum yang berisi lukisan 3D terbanyak di dunia. Jumlah lukisannya sekitar 120 dan setiap lukisan memiliki konsep dengan latar belakang yang terlihat seperti nyata. Ada beberapa ukuran lukisan yang ada di Museum De Mata dari ukuran biasa sampai mencapai 5 meter. Ada beberapa macam kategori lukisannya yaitu ornament, lanscape, olahraga, tokoh-tokoh terkenal, superhero, sampai lukisan sirkus. Museum ini didirikan untuk masyarakat menghabiskan liburan dengan menambah pengetahuan. Museum ini menawarkan banyak lukisan-lukisan yang unik misalnya terdapat lukisan dimana anda dapat merasakan keseruan berjalan di atas jembatan kayu yang dibawahnya terdapat jurang yang curam Atau berjuang untuk memadamkan semburanapi panas ari mulut naga, lukisan tersebut tampak seolah-olah nyata. Semua itu terdapat di dalam museum De Mata dengan hasil efek yang menipu mata.",Budaya,Yogyakarta,50000,4.4,"{'lat': -7.816315599999999, 'lng': 110.3871442}",-7.8163156,110.3871442
90,Kampung Wisata Taman Sari,"Taman Sari Yogyakarta atau Taman Sari Keraton Yogyakarta (Hanacaraka:ꦠꦩꦤ꧀ꦱꦫꦶꦔꦪꦺꦴꦒꦾꦏꦂꦡ, Tamansari Ngayogyakarta) adalah situs bekas taman atau kebun istana Keraton Ngayogyakarta Hadiningrat, yang dapat dibandingkan dengan Kebun Raya Bogor sebagai kebun Istana Bogor. Kebun ini dibangun pada zaman Sultan Hamengku Buwono I (HB I) pada tahun 1758-1765/9. Awalnya, taman yang mendapat sebutan ""The Fragrant Garden"" ini memiliki luas lebih dari 10 hektare dengan sekitar 57 bangunan baik berupa gedung, kolam pemandian, jembatan gantung, kanal air, maupun danau buatan beserta pulau buatan dan lorong bawah air. Kebun yang digunakan secara efektif antara 1765-1812 ini pada mulanya membentang dari barat daya kompleks Kedhaton sampai tenggara kompleks Magangan. Namun saat ini, sisa-sisa bagian Taman Sari yang dapat dilihat hanyalah yang berada di barat daya kompleks Kedhaton saja.",Taman Hiburan,Yogyakarta,5000,4.6,"{'lat': -7.8100673, 'lng': 110.3594581}",-7.8100673,110.3594581
91,Situs Warungboto,"Situs Warungboto atau Pesanggrahan Rejawinangun adalah salah satu bangunan cagar budaya yang terletak di Jalan Veteran No.77, Kelurahan Warungboto, Kecamatan Umbulharjo, Kota Yogyakarta, Daerah Istimewa Yogyakarta. Pada awalnya, situs ini merupakan lokasi sebuah pesanggrahan dan pemandian.",Taman Hiburan,Yogyakarta,0,4.4,"{'lat': -7.8102685, 'lng': 110.3931513}",-7.8102685,110.3931513
92,Nol Kilometer Jl.Malioboro,"Walaupun hanyalah sebuah persimpangan, namun persimpangan Titik 0 km ini bukanlah sebuah persimpangan biasa. Karena di persimpangan ini bisa dibilang sebagai titik tengah kota Jogja karena lokasinya yang benar-benar di depan Keraton Yogyakarta sebagai pendiri daerah yang istimewa ini. Terlebih lagi di sebelah utaranya adalah pusat keramaian wisata Jogja yaitu Jalan Malioboro, sehingga jika anda sedang nongkrong di persimpangan Titik Nol Kilometer ini benar-benar merasakan titik tengah Jogja yang begitu syahdu. Titik 0 Kilometer Yogyakarta memang tempat favorit wisatawan untuk menghabiskan waktu, terlebih pada sore hari dan malam hari yang setiap hari selalu ramai disesaki oleh para wisatawan yang sekedar hanya untuk nongkrong di dudukan yang banyak disediakan di sekitar perempatan.",Taman Hiburan,Yogyakarta,0,4.7,"{'lat': -7.8013803, 'lng': 110.3647652}",-7.8013803,110.3647652
93,Gembira Loka Zoo,"Kebun Binatang Gembira Loka biasa disebut Gembira Loka Zoo (disingkat GL Zoo, bahasa Jawa: ꦏꦼꦧꦺꦴꦤ꧀​ꦫꦗ​ꦒꦼꦩ꧀ꦧꦶꦫ​ꦭꦺꦴꦏ, translit. Kêbon Raja Gêmbira Loka) adalah kebun binatang yang berada di Kota Yogyakarta. Berisi berbagai macam spesies dari belahan dunia, seperti orang utan, gajah asia, simpanse, harimau, dan lain sebagainya. Kebun Binatang Gembira Loka menjadi daya tarik tersendiri bagi para wisatawan Yogyakarta. Gembira Loka Zoo sempat rusak parah akibat gempa bumi Yogyakarta tahun 2006. Tetapi, setelah direnovasi Kebun Binatang Gembira Loka tetap dicari para wisatawan.",Cagar Alam,Yogyakarta,60000,4.5,"{'lat': -7.806234399999999, 'lng': 110.3967977}",-7.8062344,110.3967977
94,Sumur Gumuling,Sumur Gumuling adalah salah satu tempat untuk ibadah atau kegiatan agama pada masa lalu. Sumur Gumuling merupakan masjid pada zaman pemerintahan Sri Sultan Hamengkubuwana I dan II.,Taman Hiburan,Yogyakarta,7000,4.5,"{'lat': -7.808791100000001, 'lng': 110.3591825}",-7.8087911,110.3591825
95,Desa Wisata Sungai Code Jogja Kota,"Kampung Code berada di Kelurahan Kotabaru, Kecamatan Gondokusuman Kota Yogyakarta. Lokasi persisnya ada di RT 01/RW 01 di sebelah selatan jembatan Gondolayu di Jl Jenderal Sudirman atau di sebelah timur bantaran Kali Code yang membelah Kota Yogyakarta. Kampung Code terletak persis di bantaran Kali Code yang memanjang ke arah selatan dengan kontur tanah bertebing dari atas ke bawah. Di bagian atas yang mepet Jl Faridan M. Noto sebagian besar digunakan warga untuk usaha jasa/jual beli ban mobil. Sedangkan di bagian bawah menjadi tempat pemukiman warga. Kampung Code yang tadinya kampung biasa, menjelma menjadi sebuah karya seni berkat jasa seorang arsitek sekaligus pemuka agama katolik, Romo YB Manguwijaya.",Taman Hiburan,Yogyakarta,0,5.0,"{'lat': -7.822908900000001, 'lng': 110.3756894}",-7.8229089,110.3756894
96,Alun Alun Selatan Yogyakarta,"Alun-alun Selatan atau yang sekarang lebih dikenal sebagai Alun-alun Kidul (Alkid) yaitu alun-alun yang terletak di sebelah selatan karaton Yogyakarta. Alun-alun ini berbentuk tanah lapang luas berpasir, dengan luas sekitar 160m x 160 m. Alun-alun ini dikelilingi pagar tembok batu bata setinggi 2,20 m, tebal pagar tembok 30 cm, sudah banyak yang runtuh dan rusak. Adapun pagar tembok yang dapat disaksikan sekarang adalah pagar tembok baru, yang dibangun oleh Sri Sultan Hamengkubuwono ke VII pada masa pemerintahannya tahun 1877 -1921 M.",Taman Hiburan,Yogyakarta,0,4.6,"{'lat': -7.8116719, 'lng': 110.363238}",-7.8116719,110.363238
97,Monumen Yogya Kembali,"Museum Monumen Yogya Kembali (bahasa Jawa: ꦩꦺꦴꦤꦸꦩꦺꦤ꧀​ꦪꦺꦴꦒꦾ​ꦏꦼꦩ꧀ꦧꦭꦶ, translit. Monumèn Yogya Kembali) biasa dikenal sebagai Monumen Jogja Kembali disingkat Monjali adalah sebuah museum sejarah perjuangan kemerdekaan Indonesia yang ada di Daerah Istimewa Yogyakarta dan dikelola oleh Kementerian Pariwisata dan Ekonomi Kreatif. Museum yang berada di bagian utara kota ini banyak dikunjungi oleh para pelajar dalam acara darmawisata.\n\nMuseum monumen dengan bentuk kerucut ini terdiri dari 3 lantai dan dilengkapi dengan ruang perpustakaan serta ruang serbaguna. Pada rana pintu masuk dituliskan sejumlah 422 nama pahlawan yang gugur di daerah Wehrkreise III (RIS) antara tanggal 19 Desember 1948 sampai dengan 29 Juni 1949. Dalam 4 ruang museum di lantai 1 terdapat benda-benda koleksi: relief, replika, foto, dokumen, heraldika, berbagai jenis senjata, bentuk evokatif dapur umum dalam suasana perang kemerdekaan 1945-1949. Tandu dan dokar (kereta kuda) yang pernah dipergunakan oleh Panglima Besar Jenderal Soedirman juga disimpan di sini (di ruang museum nomor 2). Monumen Yogya Kembali beralamat di Jl. Ring Road Utara, Kabupaten Sleman, Daerah Istimewa Yogyakarta.",Budaya,Yogyakarta,15000,4.5,"{'lat': -7.7495904, 'lng': 110.3696068}",-7.7495904,110.3696068
98,Taman Pelangi Yogyakarta,"Taman Pelangi Yogyakarta merupakan tempat wisata malam yang menampilkan warna-warni lampu lampion, sehingga terlihat seperti pelangi. Taman wisata ini terletak di Jalan Padjajaran (sebelumnya bernama Jalan Ring Road Utara), dan berada di lokasi Museum Monumen Yogya Kembali (Monumen Jogja Kembali) Yogyakarta. Taman Pelangi memiliki lebih dari 20 jenis permainan, 25 stand makan dan stand minum. Taman pelangi ini bisa dinikmati dari sore sampai malam, atau dari jam 17.00 sampai jam 23.00. Malam hari anda akan terasa lengkap dan sempurna di Taman Pelangi dengan banyaknya lampion yang menyala memberikan kesan yang menarik untuk menenangkan pikiran.",Taman Hiburan,Yogyakarta,15000,4.3,"{'lat': -7.7505259, 'lng': 110.3687049}",-7.7505259,110.3687049
99,Kampung Wisata Kadipaten,Kampung Wisata Kadipaten secaara kewilayahan berada di Kelurahan Kadipaten Kecamatan Kraton. Keberadaannya juga berfungsi sebagai penyangga obyek wisata Kraton Kasultanan Yogyakarta. Sesuai dengan potensi yang ada Kampung Wisata Kadipaten kemudian mengangkat tema “Art and Heritage Turism” sebagai brandinngnya. Kawasan kampung wisata ini menjadi sangat unik dan spesifik karena disana banyak terdapat bangunan situs cagar busaya terutama bangunan Dalem Pangeran. Nama Kadipaten sendiri konon berasal dari nama kawasan yang disana banyak terdapat bangunan situs cagar budaya terutama bangunan Dalem Pangeran. Nama Kadipaten konon berasal dari nama kawasan yang disana banyak ditinggali oleh kerabat Kraton yang sekaligus sebagai pengagung Kraton.,Budaya,Yogyakarta,0,4.4,"{'lat': -7.806093000000001, 'lng': 110.35831}",-7.806093,110.35831
100,Taman Budaya Yogyakarta,"Taman Budaya Yogyakarta (TBY) (Hanacaraka:ꦠꦩꦤ꧀​ꦧꦸꦢꦪ​ꦔꦪꦺꦴꦒꦾꦏꦂꦠ, bahasa Jawa: Taman Budaya Ngayogyakarta) adalah sarana wisata yang terletak di Jalan Sri Wedani No 1, Yogyakarta. TBY memiliki kompleks gedung yang berfungsi sebagai tempat pameran, pertunjukan, dan berbagai kegiatan seni lainnya. TBY merupakan Unit Pelaksana Teknis Dinas (UPTD) pada Dinas Kebudayaan Provinsi Daerah Istimewa Yogyakarta. Fungsi dari TBY adalah sebagai pusat budaya termasuk di dalamnya pengembangan dan pengolahan pusat dokumentasi, etalase, dan informasi seni budaya dan pariwisata.",Budaya,Yogyakarta,0,4.5,"{'lat': -7.8001041, 'lng': 110.3676579}",-7.8001041,110.3676579
101,Kampung Wisata Sosro Menduran,"Kampung wisata Sosromenduran merupakan kampung wisata yang sangat unik karena berbasis multi culture, akomodasi dan belanja sekaligus berfungsi sebagai penyangga kawasan Objek Wisata Malioboro. Secara kewilayahan kampung wisata sosromenduran berada di Kelurahan Sosromenduran Kecamatan Gedongtengen. Letaknya sangat strategis karena berada disamping dikawasan Malioboro juga sangat dekat dengan Stasiun Kereta Api Tugu serta banyak terdapat fasilitas kepariwisataan baik hotel, homestay, warung dan restoran, travel, money changer, coffee, rental mobil, sepeda motor bahkan sepeda ontel dan yang sangat menarik di kampung wisata Sosromenduran juga terdapat banyak produsen souvenir kaos oblong yang juga banyak dijual di sepanjang jalan malioboro",Budaya,Yogyakarta,0,4.0,"{'lat': -7.792189999999999, 'lng': 110.362151}",-7.79219,110.362151
102,Monumen Batik Yogyakarta,"Perhatian pemerintah megenai kebudayan batik ini sangat besar, hal ini dikarenakan kebudayaannya bersinggungan langsung dengan masyarakat Jawa. Memperingati Hari Batik Nasional pada hari ini, traveler bisa berjalan-jalan ke monumen batik yang ada di Jogja. Perhatian pemerintah megenai kebudayan batik ini sangat besar, hal ini dikarenakan kebudayaannya bersinggungan langsung dengan masyarakat Jawa. Memperingati Hari Batik Nasional pada hari ini, traveler bisa berjalan-jalan ke monumen batik yang ada di Jogja.",Budaya,Yogyakarta,40000,4.5,"{'lat': -7.8011159, 'lng': 110.3646172}",-7.8011159,110.3646172
103,Tugu Pal Putih Jogja,"Tugu Yogyakarta (Jawa: , Tugu Ngayogyakarta) adalah sebuah landmark bersejarah yang penting di kota Yogyakarta, Indonesia. Tugu berarti tugu, yang biasanya dibangun sebagai simbol suatu kawasan yang mengkonseptualisasikan ciri-ciri kawasan tersebut. Karena latar belakang sejarahnya, Tugu Yogyakarta telah menjadi ikon sejarah kota. Tugu Yogyakarta terletak tepat di tengah persimpangan antara Jalan Mangkubumi, Jalan Sudirman, Jalan A.M Sangaji, dan Jalan Dipenogoro kota.",Taman Hiburan,Yogyakarta,0,4.7,"{'lat': -7.782943699999998, 'lng': 110.3670548}",-7.7829437,110.3670548
104,Tebing Breksi,"Tebing Breksi merupakan tempat wisata yang berada di wilayah Kabupaten Sleman. Lokasinya berada di sebelah selatan Candi Prambanan dan berdekatan dengan Candi Ijo serta Kompleks Keraton Boko. Lokasi Wisata Tebing Breksi tepatnya berada di Desa Sambirejo, Prambanan, Kabupaten Sleman, Daerah Istimewa Yogyakarta 55572.",Budaya,Yogyakarta,20000,4.4,"{'lat': -7.781571400000001, 'lng': 110.5045827}",-7.7815714,110.5045827
105,Candi Donotirto,"Walaupun melekat dengan kata candi, Candi Donotirto bukanlah peninggalan jaman Hindu-Buddha di Yogyakarta. Tempat ini dibangun oleh pemerintah Belanda. Ada dua bagian, yaitu bagian barat untuk kaum adam dan bagian timur untuk kaum hawa. Masing-masing dialiri oleh 5 buah pancuran air yang bersumber dari Sungai Winogo, berarti ada 10 buah pancuran di sana. Hingga kini, tempat ini tetap dirawat oleh warga sekitar walaupun digunakan sebagai WC umum. Oleh karenanya, janganlah berat tangan untuk menyisihkan uang Anda sebagai ganti biaya perawatan dan kebersihan tempat ini.",Budaya,Yogyakarta,0,4.4,"{'lat': -7.795561299999998, 'lng': 110.3612095}",-7.7955613,110.3612095
211,GunungTangkuban perahu,"Gunung Tangkuban Parahu adalah salah satu gunung yang terletak di Provinsi Jawa Barat, Indonesia. Sekitar 20 km ke arah utara Kota Bandung, dengan rimbun pohon pinus dan hamparan kebun teh di sekitarnya, Gunung Tangkuban Parahu mempunyai ketinggian setinggi 2.084 meter. Bentuk gunung ini adalah Stratovulcano dengan pusat erupsi yang berpindah dari timur ke barat. Jenis batuan yang dikeluarkan melalui letusan kebanyakan adalah lava dan sulfur, mineral yang dikeluarkan adalah sulfur belerang, mineral yang dikeluarkan saat gunung tidak aktif adalah uap belerang. Daerah Gunung Tangkuban Parahu dikelola oleh Perum Perhutanan. Suhu rata-rata hariannya adalah 17oC pada siang hari dan 2 °C pada malam hari.",Cagar Alam,Bandung,30000,4.5,"{'lat': -6.759637700000001, 'lng': 107.6097807}",-6.7596377,107.6097807
212,Jalan Braga,"Jalan Braga adalah nama sebuah jalan utama di kota Bandung, Indonesia. Nama jalan ini cukup dikenal sejak masa pemerintahan Hindia Belanda. Sampai saat ini nama jalan tersebut tetap dipertahankan sebagai salah satu maskot dan objek wisata kota Bandung yang dahulu dikenal sebagai Parijs van Java.",Budaya,Bandung,0,4.7,"{'lat': -6.9150534, 'lng': 107.6089842}",-6.9150534,107.6089842
213,Gedung Sate,"Gedung Sate, dengan ciri khasnya berupa ornamen tusuk sate pada menara sentralnya, telah lama menjadi penanda atau markah tanah Kota Bandung yang tidak saja dikenal masyarakat di Jawa Barat, tetapi juga seluruh Indonesia bahkan model bangunan itu dijadikan pertanda bagi beberapa bangunan dan tanda-tanda kota di Jawa Barat. Misalnya bentuk gedung bagian depan Stasiun Kereta Api Tasikmalaya. Mulai dibangun tahun 1920, gedung berwarna putih ini masih berdiri kokoh namun anggun dan kini berfungsi sebagai gedung pusat pemerintahan Jawa Barat.\nGedung Sate yang pada masa Hindia Belanda itu disebut Gouvernements Bedrijven (GB), peletakan batu pertama dilakukan oleh Johanna Catherina Coops, puteri sulung Wali Kota Bandung, Bertus Coops dan Petronella Roelofsen, mewakili Gubernur Jenderal di Batavia, J.P. Graaf van Limburg Stirum pada tanggal 27 Juli 1920, merupakan hasil perencanaan sebuah tim yang terdiri dari Ir.J.Gerber, arsitek muda kenamaan lulusan Fakultas Teknik Delft Nederland, Ir. Eh. De Roo dan Ir. G. Hendriks serta pihak Gemeente van Bandoeng, diketuai Kol. Pur. VL. Slors dengan melibatkan 2000 pekerja, 150 orang di antaranya pemahat, atau ahli bongpay pengukir batu nisan dan pengukir kayu berkebangsaan Cina yang berasal dari Konghu atau Kanton, dibantu tukang batu, kuli aduk dan peladen yang berasal dari penduduk Kampung Sekeloa, Kampung Coblong Dago, Kampung Gandok dan Kampung Cibarengkok, yang sebelumnya mereka menggarap Gedong Sirap (Kampus ITB) dan Gedong Papak (Balai Kota Bandung).\n\nSelama kurun waktu 4 tahun pada bulan September 1924 berhasil diselesaikan pembangunan induk bangunan utama Gouverments Bedrijven, termasuk kantor pusat PTT (Pos, Telepon dan Telegraf) dan Perpustakaan.\nArsitektur Gedung Sate merupakan hasil karya arsitek Ir. J.Gerber dan kelompoknya yang tidak terlepas dari masukan maestro arsitek Belanda Dr.Hendrik Petrus Berlage, yang bernuansakan wajah arsitektur tradisional Nusantara.\nBanyak kalangan arsitek dan ahli bangunan menyatakan Gedung Sate adalah bangunan monumental yang anggun mempesona dengan gaya arsitektur unik mengarah kepada bentuk gaya arsitektur Indo-Eropa, (Indo Europeeschen architectuur stijl), sehingga tidak mustahil bila keanggunan Candi Borobudur ikut mewarnai Gedung Sate.\nBeberapa pendapat tentang megahnya Gedung Sate di antaranya Cor Pashier dan Jan Wittenberg dua arsitek Belanda, yang mengatakan ""langgam arsitektur Gedung Sate adalah gaya hasil eksperimen sang arsitek yang mengarah pada bentuk gaya arsitektur Indo-Eropa"".\nD. Ruhl dalam bukunya Bandoeng en haar Hoogvlakte 1952, ""Gedung Sate adalah bangunan terindah di Indonesia"".\nIr. H.P.Berlage, sewaktu kunjungan ke Gedung Sate April 1923, menyatakan, ""Gedung Sate adalah suatu karya arsitektur besar, yang berhasil memadukan langgam timur dan barat secara harmonis"". Seperti halnya gaya arsitektur Italia pada masa renaiscance terutama pada bangunan sayap barat. Sedangkan menara bertingkat di tengah bangunan mirip atap meru atau pagoda. Masih banyak lagi pendapat arsitek Indonesia yang menyatakan kemegahan Gedung Sate misalnya Slamet Wirasonjaya, dan Ir. Harnyoto Kunto.\nKuat dan utuhnya Gedung Sate hingga kini, tidak terlepas dari bahan dan teknis konstruksi yang dipakai. Dinding Gedung Sate terbuat dari kepingan batu ukuran besar (1 × 1 × 2 m) yang diambil dari kawasan perbukitan batu di Bandung timur sekitar Arcamanik dan Gunung Manglayang. Konstruksi bangunan Gedung Sate menggunakan cara konvensional yang profesional dengan memperhatikan standar teknik.\nGedung Sate berdiri di atas lahan seluas 27.990,859 m², luas bangunan 10.877,734 m² terdiri dari Basement 3.039,264 m², Lantai I 4.062,553 m², teras lantai I 212,976 m², Lantai II 3.023,796 m², teras lantai II 212.976 m², menara 121 m² dan teras menara 205,169 m².\nGerber sendiri memadukan beberapa aliran arsitektur ke dalam rancangannya. Untuk jendela, Gerber mengambil tema Moor Spanyol, sedangkan untuk bangunannya dalah Rennaisance Italia. Khusus untuk menara, Gerber memasukkan aliran Asia, yaitu gaya atap pura Bali atau pagoda di Thailand. Di puncaknya terdapat ""tusuk sate"" dengan 6 buah ornamen sate (versi lain menyebutkan jambu air atau melati), yang melambangkan 6 juta gulden - jumlah biaya yang digunakan untuk membangun Gedung Sate. Ornamen yang terbuat dari batu, terletak di atas pintu utama Gedung Sate, sering dikaitkan dengan candi Borobudur karena bentuknya yang serupa.\nFasade (tampak depan) Gedung Sate ternyata sangat diperhitungkan. Dengan mengikuti sumbu poros utara-selatan (yang juga diterapkan di Gedung Pakuan, yang menghadap Gunung Malabar di selatan), Gedung Sate justru sengaja dibangun menghadap Gunung Tangkuban Perahu di sebelah utara.\nDalam perjalanannya semula diperuntukkan bagi Departemen Lalulintas dan Pekerjaan Umum, bahkan menjadi pusat pemerintahan Hindia Belanda setelah Batavia dianggap sudah tidak memenuhi syarat sebagai pusat pemerintahan karena perkembangannya, sehingga digunakan oleh Jawatan Pekerjaan Umum. Tanggal 3 Desember 1945 terjadi peristiwa yang memakan korban tujuh orang pemuda yang mempertahankan Gedung Sate dari serangan pasukan Gurkha. Untuk mengenang ke tujuh pemuda itu, dibuatkan tugu dari batu yang diletakkan di belakang halaman Gedung Sate. Atas perintah Menteri Pekerjaan Umum pada tanggal 3 Desember 1970 Tugu tersebut dipindahkan ke halaman depan Gedung Sate.\nGedung Sate sejak tahun 1980 dikenal dengan sebutan Kantor Gubernur karena sebagai pusat kegiatan Pemerintah Provinsi Jawa Barat, yang sebelumnya Pemerintahaan Provinsi Jawa Barat menempati Gedung Kerta Mukti di Jalan Braga Bandung.\nRuang kerja Gubernur terdapat di lantai II bersama dengan ruang kerja Wakil Gubernur, Sekretaris Daerah, Para Assisten dan Biro. Saat ini Gubernur di bantu oleh tiga Wakil Gubernur yang menangani Bidang Pemerintahan, Bidang Ekonomi dan Pembangunan, serta Bidang Kesejahteraan Rakyat, seorang Sekretaris Daerah dan Empat Asisten yaitu Asisten Ketataprajaan, Asisten Administrasi Pembangunan, Asisten Kesejahteraan Sosial dan Asisten Administrasi.\nNamun tidak seluruh Asisten menempati Gedung Sate. Asisten Kesejahteraan Sosial dan Asisten Administrasi bersama staf menempati Gedung Baru.\nDi bagian timur dan barat terdapat dua ruang besar yang akan mengingatkan pada ruang dansa (ball room) yang sering terdapat pada bangunan masyarakat Eropa. Ruangan ini lebih sering dikenal dengan sebutan aula barat dan aula timur, sering digunakan kegiatan resmi. Di sekeliling kedua aula ini terdapat ruangan-ruangan yang di tempati beberapa Biro dengan Stafnya.\nPaling atas terdapat lantai yang disebut Menara Gedung Sate, lantai ini tidak dapat dilihat dari bawah, untuk menuju ke lantai teratas menggunakan Lift atau dengan menaiki tangga kayu.\nKesempurnaan megahnya Gedung Sate dilengkapi dengan Gedung Baru yang mengambil sedikit gaya arsitektur Gedung Sate namun dengan gaya konstektual hasil karya arsitek Ir.Sudibyo yang dibangun tahun 1977 diperuntukkan bagi para Pimpinan dan Anggota Dewan Perwakilan Rakyat Daerah Provinsi Jawa Barat dalam melaksanakan tugas dan fungsinya sebagai Lembaga Legislatif Daerah.\nGedung Sate telah menjadi salah satu tujuan objek wisata di kota Bandung. Khusus wisatawan manca negara banyak dari mereka yang sengaja berkunjung karena memiliki keterkaitan emosi maupun history pada Gedung ini. Keterkaitan emosi dan history ini mungkin akan terasa lebih lengkap bila menaiki anak tangga satu per satu yang tersedia menuju menara Gedung Sate. Ada 6 tangga yang harus dilalui dengan masing-masing 10 anak tangga yang harus dinaiki.\nKeindahan Gedung Sate dilengkapi dengan taman disekelilingnya yang terpelihara dengan baik, tidak heran bila taman ini diminati oleh masyarakat kota Bandung dan para wisatawan baik domestik maupun manca negara. Keindahan taman ini sering dijadikan lokasi kegiatan yang bernuansakan kekeluargaan, lokasi shooting video klip musik baik artis lokal maupun artis nasional, lokasi foto keluarga atau foto diri bahkan foto pasangan pengantin.\nKhusus pada hari minggu lingkungan halaman Gedung Sate dijadikan pilihan tempat sebagian besar masyarakat untuk bersantai, sekadar duduk-duduk menikmati udara segar kota Bandung atau berolahraga ringan.\nMembandingkan Gedung Sate dengan bangunan-bangunan pusat pemerintahan (capitol building) di banyak ibu kota negara sepertinya tidak berlebihan. Persamaannya semua dibangun di tengah kompleks hijau dengan menara sentral yang megah. Terlebih dari segi letak gedung sate serta lanskapnya yang relatif mirip dengan Gedung Putih di Washington, DC, Amerika Serikat. Dapat dikatakan Gedung Sate adalah ""Gedung Putih""nya kota Bandung.",Budaya,Bandung,5000,4.6,"{'lat': -6.9024812, 'lng': 107.61881}",-6.9024812,107.61881
214,Trans Studio Bandung,"Trans Studio Bandung adalah kawasan wisata terpadu di Kota Bandung, Indonesia. Trans Studio dibangun pada areal seluas 4,2 hektare dengan investasi mencapai Rp 2 triliun sehingga menjadikan sebagai kawasan hiburan terluas dan terlengkap di Bandung. Wahana yang terdapat menawarkan petualangan dan sensasi baru yang tidak kalah menantang seperti pendahulunya yaitu Trans Studio Resort Makassar yang dibuka pada tahun 2009. Trans Studio Bandung dibuka untuk umum pada tanggal 18 Juni 2011. Trans Studio Bandung adalah taman bermain yang paling komplet di kota Bandung",Taman Hiburan,Bandung,280000,4.5,"{'lat': -6.9250943, 'lng': 107.6364944}",-6.9250943,107.6364944
215,Taman Hutan Raya Ir. H. Djuanda,"Taman Hutan Raya Ir. H. Djuanda (Tahura Djuanda) merupakan kawasan konservasi yang terpadu antara alam sekunder dengan hutan tanaman dengan jenis Pinus (Pinus merkusil) yang terletak di Sub-Daerah Aliran Sungai Cikapundung dan DAS Citarum yang membentang mulai dari Curug Dago, Dago Pakar sampai Curug Maribaya yang merupakan bagian dari kelompok hutan Gunung Pulosari.\nTahura Djuanda terletak di sebelah utara Kota Bandung berjarak kurang lebih 7 km dari pusat kota, secara geografis berada pada 1070 30’ BT dan 60 52’ LS, secara administrasi berada di wilayah Desa Ciburial, Kecamatan Cimenyan, Kabupaten Bandung dan sebagian masuk Desa Mekarwangi, Desa Cibodas, Desa Langensari, dan Desa Wangunharja, Kecamatan Lembang, Kabupaten Bandung Barat serta Kelurahan Dago, Kecamatan Coblong, Kota Bandung.\nBerdasarkan hasil rekonstruksi tata batas Tahura Djuanda tahun 2003, luasnya adalah 526,98 ha.",Cagar Alam,Bandung,15000,4.5,"{'lat': -6.8565791, 'lng': 107.6323734}",-6.8565791,107.6323734
216,Farm House Susu Lembang,"Sebagai salah satu tempat wisata lembang baru, Farm house Lembang mulai beroperasi sekitar tahun 2015. Tempat wisata di Bandung biasanya terbantu naik oleh medsos, terutama facebook dan instagram. Tampaknya tempat ini memaksimalkan banget hal ini. Dengan desain atmosfer eropa, banyak spot unik yang pastinya bakal menarik untuk swafoto/selfie, dan di posting di media sosial. memang, Farmhouse Lembang sejauh ini menawarkan ‘wisata foto’ sebagai daya tarik utamanya. Mirip-mirip dengan Dago Dream Park, hanya berbeda konsep tempatnya saja.",Taman Hiburan,Bandung,30000,4.4,"{'lat': -6.832968999999999, 'lng': 107.6056183}",-6.832969,107.6056183
217,Kebun Binatang Bandung,"Kebun Binatang Bandung merupakan salah satu objek wisata alam flora dan fauna di Kota Bandung, Jawa Barat, Indonesia. Kebun Binatang Bandung terletak berdampingan dengan kampus Institut Teknologi Bandung dan Sungai Cikapundung.",Cagar Alam,Bandung,20000,4.0,"{'lat': -6.8897177, 'lng': 107.6077282}",-6.8897177,107.6077282
218,Kawah Putih,"Kawah Putih adalah sebuah tempat wisata di Jawa Barat yang terletak di Desa Alam Endah, Kecamatan Rancabali, Kabupaten Bandung Jawa Barat yang terletak di kaki Gunung Patuha. Kawah putih merupakan sebuah danau yang terbentuk dari letusan Gunung Patuha. Tanah yang bercampur belerang di sekitar kawah ini berwarna putih, lalu warna air yang berada di kawah ini berwarna putih kehijauan, yang unik dari kawah ini adalah airnya kadang berubah warna. Danau Kawah Putih sendiri berada pada ketinggian 2194 m tapi luas total Danau Kawah Putih 25 ha yang dipakai wisata 5 ha dan lokasi kawah sendiri 3 ha.",Cagar Alam,Bandung,81000,4.5,"{'lat': -7.166203899999999, 'lng': 107.4021256}",-7.1662039,107.4021256
219,Tebing Karaton,"Tebing Keraton atau Tebing Karaton merupakan sebuah tebing yang berada di dalam kawasan Taman Hutan Raya Ir. H. Djuanda. Tebing ini terletak di Kampung Ciharegem Puncak, Desa Ciburial, Bandung, Jawa Barat, Indonesia. Dari Tebing Keraton dapat menikmati pemandangan spektakuler. Bukan lampu kota, melainkan hutan!",Cagar Alam,Bandung,15000,4.5,"{'lat': -6.8340683, 'lng': 107.6636151}",-6.8340683,107.6636151
220,Dusun Bambu,"Dusun Bambu merupakan taman rekreasi berbasis ecotourism di Jawa Barat dengan konsep ‘Private Sanctuary Lifestyle’ (Konsep Wisata Sehat). Melalui konsep ini, Dusun Bambu siap menghadirkan sarana rekreasi yang aman dan nyaman dengan senantiasa menerapkan standar protokol kesehatan yang ketat. Memadukan keindahan alam dan budaya tradisional, fasilitas di Dusun Bambu didesain untuk pengalaman wisata alam yang paling berkesan, mulai dari berjalan-jalan santai, bersepeda, menikmati kuliner lezat di tengah pesona alam, hingga mengunjungi replika pedesaan tradisional. Terdapat pula kapasitas kunjungan harian ke Dusun Bambu untuk memastikan bahwa anjuran social distancing tetap dijalankan. Dengan begitu, Dusun Bambu siap menjamin keselamatan kunjungan wisata Anda menyajikan pengalaman kunjungan yang tak tergantikan dan penjelajahan rasa yang memuaskan hati.",Taman Hiburan,Bandung,25000,4.5,"{'lat': -6.7897147, 'lng': 107.5791627}",-6.7897147,107.5791627
221,Museum Geologi Bandung,"Museum Geologi didirikan pada tanggal 16 Mei 1929 Museum ini telah direnovasi dengan dana bantuan dari JICA (Japan International Cooperation Agency). Setelah mengalami renovasi, Museum Geologi dibuka kembali dan diresmikan oleh Wakil Presiden RI, Megawati Soekarnoputri pada tanggal 23 Agustus 2000. Sebagai salah satu monumen bersejarah, museum berada di bawah perlindungan pemerintah dan merupakan peninggalan nasional. Dalam Museum ini, tersimpan dan dikelola materi-materi geologi yang berlimpah, seperti fosil, batuan, mineral. Kesemuanya itu dikumpulkan selama kerja lapangan di Indonesia sejak 1850.",Budaya,Bandung,2000,4.6,"{'lat': -6.900716200000001, 'lng': 107.6214553}",-6.9007162,107.6214553
222,Museum Konferensi Asia Afrika,"Museum Konferensi Asia Afrika merupakan salah satu museum yang berada di kota Bandung yang terletak di Jalan Asia Afrika No. 65. Museum ini merupakan memorabilia Konferensi Asia Afrika. Museum ini memiliki hubungan yang sangat erat dengan Gedung Merdeka. Secara keseluruhan Gedung Merdeka memiliki dua bangunan utama, yang pertama disebut Gedung Merdeka sebagai tempat sidang utama, sedangkan yang berada di samping Gedung Merdeka adalah Museum Konferensi Asia Afrika sebagai tempat memorabilia Konferensi Asia Afrika. Latar belakang dibangunnya museum ini adalah adanya keinginan dari para pemimpin bangsa-bangsa di Asia dan Afrika untuk mengetahui tentang Gedung Merdeka dan sekitarnya tempat Konferensi Asia Afrika berlangsung. Hal ini membuat Menteri Luar Negeri Republik Indonesia, Prof. Dr. Mochtar Kusumaatmadja, S.H., LL.M memiliki ide untuk membangun sebuah museum. Ide tersebut disampaikannya pada forum rapat Panitia Peringatan 25 tahun Konferensi Asia Afrika (1980) yang dihadiri oleh Direktur Jenderal Kebudayaan Prof. Dr. Haryati Soebadio sebagai wakil dari Departemen Pendidikan dan Kebudayaan. Kemudian museum ini diresmikan pada tanggal 24 April 1980 bertepatan dengan peringatan 25 tahun Konferensi Asia Afrika.",Budaya,Bandung,0,4.6,"{'lat': -6.921109200000001, 'lng': 107.609597}",-6.9211092,107.609597
223,Masjid Raya Bandung,"Masjid Raya Bandung Provinsi Jawa Barat, yang dulu dikenal dengan nama Masjid Agung Bandung adalah masjid yang berada di Kota Bandung, Jawa Barat, Indonesia. Status masjid ini adalah sebagai masjid provinsi bagi Jawa Barat. Masjid ini pertama dibangun tahun 1810, dan sejak didirikannya, Masjid Agung telah mengalami delapan kali perombakan pada abad ke-19, kemudian lima kali pada abad 20 sampai akhirnya direnovasi lagi pada tahun 2001 sampai peresmian Masjid Raya Bandung 4 Juni 2003 yang diresmikan oleh Gubernur Jabar saat itu, H.R. Nuriana. Masjid baru ini, yang bercorak Arab, menggantikan Masjid Agung yang lama, yang bercorak khas Sunda.\nMasjid Raya Bandung, seperti yang kita lihat sekarang, terdapat dua menara kembar di sisi kiri dan kanan masjid setinggi 81 meter yang selalu dibuka untuk umum setiap hari Sabtu dan Minggu. Atap masjid diganti dari atap joglo menjadi satu kubah besar pada atap tengah dan yang lebih kecil pada atap kiri-kanan masjid serta dinding masjid terbuat dari batu alam kualitas tinggi. Kini luas tanah keseluruhan masjid adalah 23.448 m² dengan luas bangunan 8.575 m² dan dapat menampung sekitar 13.000 jamaah.",Tempat Ibadah,Bandung,0,4.7,"{'lat': -6.9216897, 'lng': 107.6061399}",-6.9216897,107.6061399
224,Dago Dreampark,Dago Dreampark merupakan wisata kekinian di Kota Bandung dengan luas 13 hektar yang mengusung konsep Jawa - Sunda & Bali dengan dilengkapi berbagai fasilitas & wahana yang menarik.,Taman Hiburan,Bandung,40000,4.2,"{'lat': -6.8486423, 'lng': 107.625939}",-6.8486423,107.625939
225,Orchid Forest Cikole,"Orchid Forest Cikole Lembang sudah berdiri sejak Agustus tahun 2017. Tempat ini merupakan taman anggrek terluas di Indonesia. Berada di tengah kawasan hutan lindung dan terbentang seluas 12 hektar. Setidaknya terdapat 157 jenis bunga anggrek beraneka macam dikembangkan di sini. Orchid Forest Cikole Bandung memfokuskan diri untuk memperkenalkan dan membudidayakan berbagai tanaman anggrek. Menggunakan metode lokal maupun internasional. Spesies Anggreknya tidak hanya berasal dari Indonesia yang memang merupakan negara kedua terbanyak memiliki varian anggrek. Tanaman anggrek di Orchid Forest juga berasal dari negara lain, seperti Venezuela, Argentina, Filipina, Peru, dan Amerika serikat.",Taman Hiburan,Bandung,50000,4.6,"{'lat': -6.780493, 'lng': 107.637475}",-6.780493,107.637475
226,Kawasan Punclut,"Punclut yang merupakan singkatan dari Puncak Ciumbuleuit adalah salah satu kawasan yang terletak di sebelah utara Kota Bandung. Kawasan ini terletak 7 kilometer dari pusat kota Bandung. Pada akhir pekan, kawasan Punclut dipenuhi oleh wisatawan yang datang untuk berwisata dan menikmati pemandangan Kota Bandung. Banyak warga maupun wisatawan yang menggunakan kawasan ini untuk melakukan jalan atau olahraga pagi setiap hari Minggu.",Taman Hiburan,Bandung,20000,4.4,"{'lat': -6.8419756, 'lng': 107.622824}",-6.8419756,107.622824
227,Alun-Alun Kota Bandung,Alun-alun Bandung adalah pusat kota Bandung yang dicirikan oleh sebidang tanah yang luas. Di sekelilingnya ada bangunan-bangunan fungsional. Tempatnya ada di dekat Grote Postweg.,Taman Hiburan,Bandung,0,4.6,"{'lat': -6.9218571, 'lng': 107.6070141}",-6.9218571,107.6070141
228,Museum Sri Baduga,"Museum Sri Baduga merupakan sebuah museum yang terletak di kota Bandung, Jawa Barat, Indonesia.\nMuseum ini dikelola oleh pemerintah provinsi Jawa Barat, yang mulai didirikan pada tahun 1974 dengan memanfaatkan bangunan lama bekas Kawedanan Tegallega, yang kemudian diresmikan pada tanggal 5 Juni 1980 oleh Menteri Pendidikan dan Kebudayaan waktu itu, Daoed Joesoef.\nPenamaan museum ini diambil dari gelar salah seorang raja Pajajaran, Sri Baduga Maharaja sebagaimana tertulis pada Prasasti Batutulis. Dan kemudian ditetapkan melalui Kepmendikbud nomor 02223/0/1990 tanggal 4 April 1990.",Budaya,Bandung,3000,4.5,"{'lat': -6.9375748, 'lng': 107.603775}",-6.9375748,107.603775
229,Rabbit Town,"Rabbit Town Bandung merupakan salah satu wisata unik di Bandung yang didirikan pada 11 Januari 2018. Tempat wisata yang menjadikan hewan kelinci sebagai ikon utama. Pada seluruh dekorasi dibuat dengan tampilan selucu mungkin dan juga menampilkan berbagai jenis kelinci lucu. Pengunjung yang tertarik dengan hewan ini bisa membawa pulang kelinci dengan membelinya terlebih dahulu. Tempat wisata ini dimiliki oleh CEO Chairman Kaum Group yaitu Pak Henry Husada. Pak Henry sendiri dengan sengaja menjadikan salah satu rumahnya yang memiliki luas dua hektar dengan 30 kamar, dibangun sebuah objek wisata unik. Selain adanya spesies kelinci, tempat ini juga menyuguhkan spot foto bagus. Tak hanya itu, di dalam wisata ini juga terdapat beberapa wahana untuk anak-anak sehingga bagi pengunjung yang membawa serta anaknya akan merasa betah berlama-lama.",Taman Hiburan,Bandung,45000,4.0,"{'lat': -6.8669518, 'lng': 107.6100859}",-6.8669518,107.6100859
230,Stone Garden Citatah,"Stone  Garden, adalah sebutan nama untuk hamparan tanah yang diisi oleh  formasi batuan tak beraturan yang indah dan membentuk taman alam.Bandung  memiliki banyak wisata alam yang sangat luar biasa. Ternyata Bandung  memiliki wisata alam gua, yaitu Gua Pawon dan wisata Stone Garden. Gua  Pawon merupakan gua yang terbentuk pada zaman purba.Gua ini digunakan  oleh manusia purba sebagai tempat berlindung. Dan uniknya di atas Gua  Pawon terdapat hamparan bebatuan yang sangat indah dengan pemandangan  luar biasa dikenal dengan nama Stone Garden -Taman Batu. Tidak kalah  indah dengan wisata alam Tangkuban Perahu, Kawah Putih Ciwidey, dan Situ  Patengan merupakan kawasan wisata alam yang sering dikunjungi oleh  banyak wisatawan lokal maupun mancanegara. ",Taman Hiburan,Bandung,30000,4.4,"{'lat': -6.8281528, 'lng': 107.4350179}",-6.8281528,107.4350179
231,The Great Asia Africa,"Kota Bandung tampaknya tidak pernah kehabisan ide kreatif dalam mengembangkan destinasi wisata. Berbagai tujuan berlibur tersedia di sini, mulai dari wisata kuliner, sejarah, hingga edukasi. Kemasannya pun dengan cara yang unik dan menarik, seperti yang ada di The Great Asia Africa. Kawasan wisata teranyar di Lembang ini menawarkan pengalaman menjelajahi beberapa negara di dua benua, selaras dengan namanya.",Taman Hiburan,Bandung,50000,4.4,"{'lat': -6.833122999999999, 'lng': 107.6041595}",-6.833123,107.6041595
335,Candi Gedong Songo,"Candi Gedong Songo (bahasa Jawa: ꦕꦤ꧀ꦝꦶ​ꦒꦼꦝꦺꦴꦁ​ꦱꦔ, translit. Candhi Gedhong Sanga) adalah nama sebuah kompleks bangunan candi peninggalan budaya Hindu yang terletak di desa Candi, Kecamatan Bandungan, Kabupaten Semarang, Jawa Tengah, Indonesia tepatnya di lereng Gunung Ungaran. Di kompleks candi ini terdapat sembilan buah candi.\nCandi ini diketemukan oleh Raffles pada tahun 1804 dan merupakan peninggalan budaya Hindu dari zaman Wangsa Syailendra abad ke-9 (tahun 927 masehi).Candi ini memiliki persamaan dengan kompleks Candi Dieng di Wonosobo. Candi ini terletak pada ketinggian sekitar 1.200 m di atas permukaan laut sehingga suhu udara di sini cukup dingin (berkisar antara 19-27 °C)\nLokasi sembilan candi yang tersebar di lereng Gunung Ungaran ini memiliki pemandangan alam yang indah. Selain itu, objek wisata ini juga dilengkapi dengan pemandian air panas dari mata air yang mengandung belerang, area perkemahan, dan wisata berkuda.",Budaya,Semarang,10000,4.5,"{'lat': -7.209886700000002, 'lng': 110.3421119}",-7.2098867,110.3421119
336,Grand Maerakaca,"Masyarakat Jawa Tengah mungkin sudah tidak asing dengan nama “Puri Maerokoco”. Taman wisata ini merupakan “Taman Mini” versi Jawa Tengah yang menyajikan replika dan miniatur bangunan khas dari berbagai daerah di Jawa Tengah. Saat ini, Puri Maerakaca sudah berganti nama menjadi Grand Maerakaca. Dengan wahana yang lebih bervariasi, taman rekreasi ini menjadi salah satu destinasi wisata di Semarang yang cocok untuk rekreasi keluarga.",Taman Hiburan,Semarang,15000,4.4,"{'lat': -6.9605225, 'lng': 110.3863941}",-6.9605225,110.3863941
337,Kampung Pelangi,"Kampung pelangi atau dalam bahasa Inggris disebut Rainbow Village merupakan sebutan untuk daerah atau kampung yang rumah-rumah penduduknya dicat dengan warna-warni. Sebenarnya Kampung Pelangi pada awalnya merupakan daerah kumuh yang dikemudian secara kreatif diubah menjadi daerah yang menarik untuk dijadikan sebagai destinasi wisata, terutama bagi masyarakat yang senang atau sedang mencari spot yang menarik untuk mengabadikan momen.\nBanyak daerah-daerah di Indonesia, terutama di jawa memliki tempat yang disebut Kampung pelangi, antara lain di Malang, Semarang, Jakarta, Bandung, dan kota-kota lainnya. Contoh kampung seperti ini yaitu, kampung warna-warni di Jodipan dan Tridi, Kota Malang, Jawa Timur.",Taman Hiburan,Semarang,3000,4.3,"{'lat': -6.988881200000001, 'lng': 110.4083781}",-6.9888812,110.4083781
338,Lawang Sewu,"Lawang Sewu (""Seribu Pintu"") (bahasa Jawa: ꦭꦮꦁ​ꦱꦺꦮꦸ, translit. Lawang Sèwu) adalah landmark di Semarang, Jawa Tengah, Indonesia, yang dibangun sebagai kantor pusat Perusahaan Kereta Api Hindia Belanda. Bangunan era kolonial terkenal sebagai rumah berhantu dan lokasi syuting, meskipun pemerintah kota Semarang telah berusaha mengubah citra itu.",Budaya,Semarang,10000,4.6,"{'lat': -6.9839099, 'lng': 110.4104342}",-6.9839099,110.4104342
339,Sam Poo Kong Temple,"Sam Poo Kong (Hanzi: ; Pinyin: Sānbǎo Dòng), juga dikenal sebagai Kuil Gedung Batu, adalah kuil Tionghoa tertua di Semarang, Jawa Tengah, Indonesia. Awalnya didirikan oleh penjelajah Muslim Tionghoa Zheng He (juga dikenal sebagai Sanbao), sekarang dibagi oleh orang Indonesia dari berbagai denominasi agama, termasuk Muslim dan Budha, dan etnis, termasuk Tionghoa dan Jawa.",Budaya,Semarang,35000,4.5,"{'lat': -6.996236599999999, 'lng': 110.398122}",-6.9962366,110.398122
340,Desa Wisata Lembah Kalipancur,"Wisata alam tengah menjadi sorotan bagi dunia pariwisata. Wisata alam tidak hanya pegunungan, danau, hutan, air terjun, atau pantai. Tapi juga merambah ke konsep pedesaan, seperti Desa Wisata Lembah Kalipancur. Tempat wisata ini menawarkan rekreasi berkonsep pedesaan yang ada di Kota Semarang. Meskipun berkonsep pedesaan, lokasinya tidak jauh dari pusat kota. Dan objek wisata yang sudah lama berdiri ini, masih tetap diminati oleh wisatawan.",Taman Hiburan,Semarang,0,3.9,"{'lat': -7.0205245, 'lng': 110.3754605}",-7.0205245,110.3754605
341,Hutan Wisata Tinjomoyo Semarang,"Awalnya taman wisata hutan Tinjomoyo Semarang (smg) ini merupakan sebuah kebun binatang dengan ragam binatang hutan di dalamnya. Namun terjadi banjir besar, hingga memutuskan jembatan besar yang menjadi akses utama menuju hutan wisata. Hutan Tinjomoyo sendiri memiliki kontur wilayah dengan perpaduan bukit, sungai dan hutan. Tumbuhan yang paling banyak terdapat di sini adalah vegetasi pohon jati serta pinus. Oleh karena itu, tak heran jika kawasan ini cocok sekali dijadikan hutan wisata yang masih alami.Dengan luas lahan 57,5 hektare area tersebut lebih sering dimanfaatkan sebagai tempat berkemah",Cagar Alam,Semarang,3000,4.3,"{'lat': -7.0296837, 'lng': 110.3999611}",-7.0296837,110.3999611
342,Taman Kasmaran,"Taman Kasmaran terletak di sebelah kiri Pasar Bunga. Gedung food court dan Taman Kasmaran dibangun dua lantai. Lantai bawah utuk spot dijadikan wisata kuliner, sementara lantai atas menjadi taman. Tidak sekadar taman biasa, Taman Kasmaran itu dilengkapi dengan pemandangan yang amat menarik dengan background Kampung Pelangi. Taman Kasmaran cukup luas, dilengkapi perabotan kursi dan meja ala kafe. Lokasi baru ini diyakini akan menjadi spot alternatif selfie terbaru di Kota Semarang.",Taman Hiburan,Semarang,3000,4.5,"{'lat': -6.9909404, 'lng': 110.4065932}",-6.9909404,110.4065932
343,Pantai Baruna,"kunjungi Pantai Baruna yang berada di Kota Semarang, Jawa Tengah! Pantai yang satu ini akan memberikan pengalaman wisata yang berbeda. Pasalnya, di sini tidak ada hamparan pasir. Memang Pantai Baruna merupakan objek wisata ‘tidak resmi’ milik Kota Semarang. Pantai ini berada di belakang kawasan pabrik semen. Sehingga tidak ada kepadatan wisatawan atau tempat berselancar di sini. Yang ada hanyalah hamparan padang rumput dan ilalang di hadapan Laut Jawa yang tenang.",Bahari,Semarang,3000,4.0,"{'lat': -6.945105199999999, 'lng': 110.3982398}",-6.9451052,110.3982398
344,Pantai Marina,"Pantai Marina (bahasa Jawa: ꦥꦱꦶꦱꦶꦂ​ꦩꦫꦶꦤ, translit. Pasisir Marina) adalah salah satu objek wisata pantai yang berada di kota Semarang, Jawa Tengah. Pantai ini menyimpan pemandangan eksotis khas kota Semarang. Dahulu, tempat ini merupakan hutan bakau dan tambak, tapi pemerintah setempat mengubahnya menjadi tempat rekreasi dengan cara reklamasi daratan. Hasil reklamasi dari hutan bakau ini, sekarang berupa perumahan, pertokoan, dan perkantoran, di sebelah selatan pantai.",Bahari,Semarang,3000,4.1,"{'lat': -6.948877, 'lng': 110.3893285}",-6.948877,110.3893285
345,Kampoeng Djadhoel Semarang,"Kampoeng Djadhoel terletak di Kampung Batik Semarang tepatnya di Kampung Batik Tengah RT 04/ RW 02 Kelurahan Rejomulyo, Kecamatan Semarang Timur. Penamaan Kampoeng Djadhoel ini tercetus sejak 18 Desember 2016 oleh Ignatius Luwiyanto (50) warga Kampung Batik Tengah. Sejarah Indonesia menjadi latar belakang penamaan KampoengDjadhoel.",Budaya,Semarang,10000,4.7,"{'lat': -6.968773100000001, 'lng': 110.4319505}",-6.9687731,110.4319505
346,Indonesia Kaya Park,"Lokasi Taman Indonesia Kaya yang berada di pusat kota Semarang, membuat taman seluas 5.000 meter persegi ini bisa difungsikan sebagai wadah berkesenian komunitas seniman Jawa Tengah. Di sini ada Panggung Budaya yang dibangun dengan dua sisi yang semuanya bisa digunakan. Lalu ada Taman Pandawa Lima yang dibuat oleh Komroden Haro, Pelataran Penikmat Seni, Amphitheater, Area Hijau, Gerbang Mural karya lima seniman muda Semarang, dan tak ketinggalan ada Air Mancur Menari. Air Mancur Menari ini dibangun oleh Pemerintah Kota Semarang yang dapat bergerak mengikuti alunan musik klasik dan lagu-lagu perjuangan Indonesia. Air Mancur Menari tersebut dijadwalkan akan menyala setiap hari pada pukul 19.00 - 20.00 dan sampai pukul 21.00 di akhir pekan.",Taman Hiburan,Semarang,0,4.6,"{'lat': -6.992350699999998, 'lng': 110.4201162}",-6.9923507,110.4201162
347,Taman Pandanaran,"Dalam sejarah yang tercatat, dulunya tempat ini merupakan kawasan SPBU yang tak begitu laku. Bekas SPBU tersebut dirombak total menjadi sebuah taman. Konon, luas tanah 600 meter persegi tersebut direnovasi menjadi taman dengan dana sekitar Rp1,8 M. Taman Pandanaran ini beralamatkan di Jalan Pandanaran, Mugassari, Semarang Selatan. Tepatnya, berada di pertigaan antara Jalan Pandanaran dan Jalan MH.Thamrin. Sayangnya, untuk mendapatkan parkir di sini cukup susah. Beberapa pengunjung bahkan harus memarkirkan kendaraannya di depan warung makan di sekitaran taman.",Taman Hiburan,Semarang,0,4.4,"{'lat': -6.987793600000001, 'lng': 110.4172262}",-6.9877936,110.4172262
348,Pura Giri Natha,"Awal berdirinya Pura Agung Giri Natha tidak terlepas dari hadirnya pemeluk umat Hindu dari berbagai daerah yang mulai berdatangan dan menetap di Semarang. Sebelum menetap, umat Hindu yang ada di Semarang awalnya datang untuk bekerja dan mencari ilmu. Sekitar tahun 1967/1968 para pemeluk agama Hindu yang ada di Semarang mengusulkan kepada pemerintah Semarang, untuk dibangunnya tempat peribadatan. Karena sebelumnya umat Hindu ketika melaksanakan sembahyang lokasinya dari rumah ke rumah. Setuju dengan usulan tersebut, akhirnya pemerintah Semarang memberikan pilihan beragam lokasi yang sekira tepat dan pas untuk dibangun sebuah tempat suci yakni pura.",Budaya,Semarang,20000,4.7,"{'lat': -6.998475900000001, 'lng': 110.4106468}",-6.9984759,110.4106468
349,Wisata Mangrove Tapak,"Wisata hutan mangrove Semarang hampir tak pernah sepi dikunjungi wisatawan. Tak jarang pengunjung yang datang ke wisata cantik ini baik berswafoto maupun sekedar jalan-jalan menapaik selasar kayu. Obyek ini pun juga instagramable dan pas dibagikan di sosmed, bahkan banyak diburu oleh mereka yang berkecimpung di bidang fotografi.",Cagar Alam,Semarang,5000,4.3,"{'lat': -6.968561800000001, 'lng': 110.3459696}",-6.9685618,110.3459696
350,Pantai Cipta,"Pantai Cipta juga dikenal sebagai Pantai Petikemas, karena jarak dan letaknya dekat dengan Pantai Petikemas. Tempat wisata di semarang Pantai Cipta hanya memiliki sedikit hamparan pasir dan didominasi bebatuan. Pantai Cipta menjadi satu destinasi wisata favorit bagi warga Semarang karena mempunyai keunikan dari pemandangan hingga lingkungan sekitarnya. Berfoto selfie menjadi kegiatan utama di pantai tersebut karena banyak spot menarik yang bisa diabadikan. Pada akhir pekan atau hari libur panjang, para wisatawan sering memenuhi Pantai Cipta untuk sekedar melihat pemandangan pantai. Namun pantai Cipta ini memiliki ombak yang tenang, sehingga aman digunakan untuk berenang. Dipantai Cipta sendiri terdapat banyak ilalang yang menambah indah pemandangan dan menjadi surga para pemburu selfie. Keberadaan ilalang inilah yang menjadi daya tarik para pengunjung untuk datang ke pantai Cipta hanya sekedar untuk berselfie.",Bahari,Semarang,5000,4.0,"{'lat': -6.9486402, 'lng': 110.4102923}",-6.9486402,110.4102923
351,Old City 3D Trick Art Museum,"Destinasi wisata kekinian satu ini memang tengah naik daun di banyak kota termasuk Semarang. Salah satunya Old City 3D Trick Art Museum, museum dengan tema Seni 3 Dimensi yang menyuguhkan sensasi berbeda dari museum biasa. Karena di dalamnya dipamerkan aneka karya seni 3 dimensi yang atraktif untuk berfoto. Destinasi wisata ini masih terus ramai kunjungan lantaran terus berinovasi. Setiap 3 bulan sekali, pihak pengelola akan mengganti tema atau instalasi karya seninya sehingga pengunjung bisa datang berkali-kali tanpa bosan.",Budaya,Semarang,50000,4.4,"{'lat': -6.968406400000001, 'lng': 110.4261995}",-6.9684064,110.4261995
352,GPIB Immanuel Semarang (Gereja Blenduk),"GPIB Immanuel Semarang (populer dengan nama Gereja Blenduk, kadang-kadang dieja Gereja Blendug, dan sering kali dilafazkan sebagai mBlendhug) (bahasa Jawa: ꦒꦿꦺꦗ​ꦧ꧀ꦭꦼꦤ꧀ꦝꦸꦏ꧀, translit. Gréja Blendhuk) adalah Gereja Kristen tertua di Jawa Tengah yang dibangun oleh masyarakat Belanda yang tinggal di kota itu pada 1753, dengan bentuk oktagonal (persegi delapan). Gereja ini sesungguhnya bernama Gereja GPIB Immanuel, di Jl. Letjend. Suprapto 32. Kubahnya besar, dilapisi perunggu, dan di dalamnya terdapat sebuah orgel Barok. Arsitektur di dalamnya dibuat berdasarkan salib Yunani. Gereja ini direnovasi pada 1894 oleh W. Westmaas dan H.P.A. de Wilde, yang menambahkan kedua menara di depan gedung gereja ini. Nama Blenduk adalah julukan dari masyarakat setempat yang berarti kubah. Gereja ini hingga sekarang masih dipergunakan setiap hari Minggu. Di sekitar gereja ini juga terdapat sejumlah bangunan lain dari masa kolonial Belanda.",Tempat Ibadah,Semarang,0,4.6,"{'lat': -6.968348799999999, 'lng': 110.4274767}",-6.9683488,110.4274767
353,Taman Srigunting,"Merupakan salah satu landmark di Kawasan Kota Lama Semarang, Taman Srigunting pada masa kolonial belanda berwujud parade plein untuk panggung parade, kini menjadi sebuah ruang terbuka berupa taman yang menjadi salah satu tempat untuk berkumpul atau berkegiatan komunitas. Taman Srigunting berada di Jalan Letjen Suprapto 32 Kawasan Kota Lama, di sisi selatan terdapat Gedung Marba, di barat daya terdapat Gedung Jiwasraya, di sisi barat terdapat Gereja Blenduk serta di sisi timur terdapat Gedung Kerta Niaga. Taman ini beberapa kali mengalami renovasi, seperti pada tahun 2001 dan tahun 2004. Pada tahun 2001, Taman Srigunting dikembalikan pada fungsi raung terbuka untuk rekreatif, setelah sebelumnya merupakan taman pasif. Pada tahun 2004 renovasi taman ini dengan membuat jalan masuk pada masing-masing sisi, hingga terdapat empat jalan masuk. Dan di tengah tengah dibuat tiang lampu penerangan yang bercabang empat untuk menerangi empat sisi jalan masuk tersebut.",Taman Hiburan,Semarang,0,4.7,"{'lat': -6.9681728, 'lng': 110.4278262}",-6.9681728,110.4278262
354,Semarang Contemporary Art Gallery,Salah satu wisata yang berbau seni di Semarang bisa kamu temukan di kawasan Kota Lama yakni Semarang Contemporary Art Gallery atau lebih mudahnya disebut sebagai Galsem yang berarti Galeri Semarang. Semarang Gallery ini adalah salah satu museum seni yang cukup terkenal dan sampai saat ini masih sangat populer di kalangan wisatawan terutama para pecinta seni. Karya-karya seni yang dipamerkan disini merupakan hasil tangan dingin para seniman handal dari seluruh penjuru Nusantara.,Budaya,Semarang,10000,4.6,"{'lat': -6.967499999999999, 'lng': 110.4282}",-6.9675,110.4282
355,Umbul Sidomukti,"Kawasan wisata umbul Sidomukti merupakan salah satu Wisata Alam Pegunungan di Semarang, berada di Desa Sidomukti Kecamatan Bandungan Kabupaten Semarang. Kawasan wisata ini dengan didukung fasiltas & Servis: Outbond Training, Adrenalin Games, Taman Renang Alam, Camping Ground, Pondok Wisata, Pondok Lesehan, serta Meeting Room.",Cagar Alam,Semarang,75000,4.6,"{'lat': -7.1945903, 'lng': 110.3733583}",-7.1945903,110.3733583
392,Ekowisata Mangrove Wonorejo,Hutan Wisata Mangrove Surabaya merupakan wisata yang menggabungkan wisata rekreasi dan edukasi. Di area dengan luas kurang lebih 200 hektar ini ditanami berbagai tanaman bakau. Lokasi wisata ini dikelola dengan baik oleh pemerintah Kota Surabaya. Sehingga wisata ini diminati pengunjung karena tertata rapi dan bersih. Aktivitas wisata yang bisa dilakukan antara lain berkeliling hutan mangrove baik menggunakan perahu atau berjalan kaki . Serta wisata edukasi mengenai ekosistem sekitar.,Cagar Alam,Surabaya,0,4.3,"{'lat': -7.308648199999999, 'lng': 112.8216622}",-7.3086482,112.8216622
393,Taman Harmoni Keputih,"Tempat tersebut ialah Taman Hatmoni Keputih Surabaya yang memiliki segudang koleksi bunga warna-warni. Dulunya tempat ini merupakan lokasi pembuangan sampah atau TPA, namun kini bertransformasi menjadi sebuah wisata taman yang sangat cantik. Bukan hanya cantik, namun bunga-bunga yang bermekaran di Taman Harmoni terlihat sangat instagramable, sehingga tak heran jika mayoritas pengunjung tempat ini merupakan para kaum kawula muda penggiat sosial media. Lantas berapa sih budget untuk memasuki kawasan Taman Harmoni Surabaya ini? Kamu nggak perlu khawatir, karena harga tiket masuk Taman Harmoni Keputih Surabaya ini gratis. Kamu hanya perlu menyiapkan kocek untuk membayar karcis parkir saja.",Cagar Alam,Surabaya,0,4.4,"{'lat': -7.2952211, 'lng': 112.8035603}",-7.2952211,112.8035603
394,Air Mancur Menari,"Jembatan Kenjeran dengan air mancur menarinya sejatinya bukan hanya sebuah jembatan penghubung jalan saja, namun juga dimanfaatkan sebagai destinasi wisata oleh pemerintah kota Surabaya. Posisi air mancur menari sendiri berada di ujung jembatan Kenjeran dekat dengan anjungan penyeberangan atau di Taman Hiburan Pantai (THP). Lokasi ini sangat ramah kaum difabel karena tersedia lift yang dapat mereka gunakan untuk mempermudah perjalanan mereka. Sembari menunggu pertunjukan air mancur menari yang spektakuler di jembatan Kenjeran ini, Anda dapat menikmati pemandangan indah matahari terbenam (sunset) di jembatan ini. Jangan lewatkan untuk berfoto dengan laut lepas yang memesona sebagai latar belakangnya. Anda juga dapat menikmati berbagai kuliner lezat khas Jawa Timur di lokasi ini karena banyak pedagang kaki lima yang berjualan di sini. Berbagai mainan anak-anak pun dijual di lokasi ini. Jadi tidak perlu kuatir bahwa anak-anak akan merasa bosan menunggu pertunjukan air mancur menari yang mereka tunggu-tunggu. Silakan atur jadwal kunjungan Anda untuk menyaksikan taman air mancur menari Kenjeran ini dan buktikan sendiri keindahannya. Pastikan bahwa mobilitas Anda terjamin dengan sewa mobil Surabaya karena di lokasi ini masih minim transportasi online pada malam hari.",Taman Hiburan,Surabaya,35000,4.4,"{'lat': -7.2356933, 'lng': 112.7955234}",-7.2356933,112.7955234
395,Taman Prestasi,"Taman Prestasi Surabaya merupakan salah satu taman yang begitu terkenal di Kota Pahlawan dan banyak dikunjungi, sehingga tak heran jika menjadi tempat favorit bagi keluarga terutama pada saat weekend. di tempat lain juga ada loh nama stadion dan taman yang sama persis dengan yang di Surabaya ini, di Bontang, Kaltim yang punya Stadion dengan nama stadion “Taman Prestasi”. Jalan Ahmad Yani, Sukarasa, Kota Tangerang, Banten 15111, juga ada sebuah taman bernama “Taman Prestasi” persis bukan? Di Jogja juga ada sebuah taman yang serupa bernama “Taman Pintar”.",Taman Hiburan,Surabaya,0,4.6,"{'lat': -7.2614722, 'lng': 112.7428284}",-7.2614722,112.7428284
396,Monumen Kapal Selam,"Monumen Kapal Selam, atau disingkat Monkasel, adalah sebuah museum kapal selam yang terdapat di Embong Kaliasin, Genteng, Surabaya. Terletak di pusat kota, monumen ini sebenarnya merupakan kapal selam KRI Pasopati 410, salah satu armada Angkatan Laut Republik Indonesia buatan Uni Soviet tahun 1952. Kapal selam ini pernah dilibatkan dalam Pertempuran Laut Aru untuk membebaskan Irian Barat dari pendudukan Belanda.\nKapal selam ini kemudian dibawa ke darat dan dijadikan monumen untuk memperingati keberanian pahlawan Indonesia. Monkasel berada di Jalan Pemuda, tepat di sebelah Plaza Surabaya. Selain interior kapal selam, di sini juga diadakan pemutaran film tentang proses peperangan yang terjadi di Laut Aru. Jika ingin mengunjungi tempat wisata ini, maka akan ditemani oleh seorang pemandu lokal yang terdapat di sana.\nAda cerita unik di balik hadirnya monumen Kapal Selam ini. Pada suatu malam Pak Drajat Budiyanto yang merupakan mantan KKM KRI Pasopati 410 (buatan Rusia) ini dan juga mantan KKM KRI Cakra 401 (buatan Jerman Barat), bermimpi diperintahkan oleh KSAL pada waktu itu untuk membawa kapal selam ini melayari Kali Mas. Ternyata mimpi itu menjadi kenyataan. Dia ditugaskan untuk memajang kapal selam di samping Surabaya Plaza. Caranya dengan memotong kapal selam ini menjadi beberapa bagian, kemudian diangkut ke darat, dan dirangkai dan disambung kembali menjadi kapal selam yang utuh.",Budaya,Surabaya,15000,4.4,"{'lat': -7.2654304, 'lng': 112.7503052}",-7.2654304,112.7503052
397,Taman Kunang-Kunang,"Taman Kunang – Kunang di Surabaya ini mempunyai luas 400 meter persegi dan Taman Kunang – Kunang di Surabaya ini diresmikan oleh walikota Surabaya, Ibu Tri Rismaharini pada hari sabtu 28 Oktober 2010. Lokasi Taman Kunang – Kunang di Surabaya ini terletak di Jalan Panjaringan Timur, Panjaringan Sari, Kecamatan Rungkut, Kota Surabaya. Taman Kunang – Kunang di Surabaya ini letaknya persis berada di antara dua bangunan rumah susun dan terdapat tulisan “Taman Kunang – Kunang,” dengan latar belakang putih. Taman Kunang – Kunang di Surabaya mempunyai banyak fasilitas publik yang cukup lengkap diantaranya adalah lapangan futsal, lapangan basket, dan area bermain untuk anak – anak. Taman Kunang – Kunang di Surabaya ini telah menjadi kawasan bermain di Surabaya untuk semua kalangan, mulai dari anak – anak, remaja, maupun dewasa. Bahkan Taman Kunang – Kunang di Surabaya ini juga tidak jarang dikunjungi oleh para lansia.",Taman Hiburan,Surabaya,0,4.4,"{'lat': -7.318220199999999, 'lng': 112.7842405}",-7.3182202,112.7842405
398,Taman Buah Surabaya,"Wisata Taman Buah Undaan di Surabaya adalah salah satu tempat wisata yang berada di blok m suturejo utara, kabupaten surabaya, provinsi jawa timur, negara indonesia. Wisata Taman Buah Undaan di Surabaya adalah tempat wisata yang ramai dengan wisatawan pada hari biasa maupun hari liburan. Tempat ini sangat indah dan bisa memberikan sensasi yang berbeda dengan aktivitas kita sehari hari. Wisata Taman Buah Undaan di Surabaya memiliki pesona keindahan yang sangat menarik untuk dikunjungi. Sangat di sayangkan jika anda berada di kota surabaya tidak mengunjungi wisata taman yang mempunyai keindahan yang tiada duanya tersebut. Wisata Taman Buah Undaan di Surabaya sangat cocok untuk mengisi kegiatan liburan anda, apalagi saat liburan panjang seperti libur nasional, ataupun hari ibur lainnya. Keindahan Wisata Taman Buah Undaan di Surabaya ini sangatlah baik bagi anda semua yang berada di dekat atau di kejauhan untuk merapat mengunjungi tempat Wisata Taman Buah Undaan di Surabaya di kota surabaya.",Taman Hiburan,Surabaya,0,4.1,"{'lat': -7.266213899999999, 'lng': 112.795281}",-7.2662139,112.795281
399,Taman Pelangi,"Kalau pelangi biasanya ada di siang hari pasca hujan, maka di Taman Pelangi Yogyakarta pengunjung justru bisa menikmatinya setiap malam hari. Ya, ini lantaran taman ini merupakan Taman Lampion beraneka warna dan rupa. Buka sejak petang, Taman ini memang sangat cocok dijadikan pilihan destinasi rekreasi keluarga saat malam hari. Namun karena merupakan taman outdoor alias terbuka, maka pilihan paling tepat untuk datang ialah saat cuaca tidak hujan.",Taman Hiburan,Surabaya,0,4.5,"{'lat': -7.3275604, 'lng': 112.7312242}",-7.3275604,112.7312242
400,Hutan Bambu Keputih,"Surabaya menjadi kota metropolitan kedua setelah Jakarta. Kepadatan penduduk Surabaya pun cukup tinggi, dan karena terletak di pesisir, suhu kota terasa panas. Meski begitu, masih ada tempat sejuk, teduh, dan asri di tengah Kota Surabaya. Ialah Hutan Bambu Surabaya, tepatnya berada di Keputih. Mendengar nama “Hutan Bambu”, mungkin yang terlintas adalah hutan di pedesaan. Tapi jangan salah, di tengah kota pun dapat terwujud tempat asri seperti ini. Suasananya yang asri membuat pengunjung berbondong-bondong datang ke lokasi ini. Dan sekarang, taman rekreasi ini tengah menjadi favorit pengunjung menghabiskan waktu luang.",Cagar Alam,Surabaya,0,4.3,"{'lat': -7.294190899999999, 'lng': 112.8017238}",-7.2941909,112.8017238
401,Taman Keputran,"Ntah, mengapa nama taman ini disebut dengan taman keputran, namun jika dikaitkan dengan lokasi taman, berada di persimpangan jalan Keputran Surabaya. Selain itu, di seberang sungai terdapat juga sebuah taman yang bernama Taman Lalu Lintas Surabaya. Keunikan Taman Keputran dibandingkan dengan taman lainnya adalah adanya lampu yang kerangka tiangnya mirip dengan manusia, dengan gaya pose yang berbeda-beda itu, membuat taman ini terlihat ada sentuhan kreatif dan inovatif. Lampu-lampu itu terang dan indah pada malam hari. Untuknya, taman ini cukup representatif sebagai pilihan mendapatkan tempat tongkrongan yang tenang pada malam hari. Tak hanya itu, jalur pijat refleksi kaki juga tersedia disana. Cocok untuk pengunjung yang ingin mencoba pengobatan refleksi kaki sederhana. Melalui pemahaman tentang jalur refleksi secara mendalam, sebagian orang memilih sarana ini dalam usaha menyembuhkan penyakit.",Taman Hiburan,Surabaya,0,4.3,"{'lat': -7.2732153, 'lng': 112.744102}",-7.2732153,112.744102
402,Food Junction Grand Pakuwon,"Food Junction Grand Pakuwon sebetulnya merupakan suatu pujasera dengan konsep yang sedikit berbeda dengan tempat lainnya. Tempatnya yang terletak di area Tandes, Surabaya Barat (strategis dengan suasana romantis dan unik) dimana jika dari arah pusat kota hanya membutuhkan waktu 20 menit untuk sampai ke lokasi. Sehingga tidak heran apabila banyak warga Surabaya yang menghabiskan waktu sore hari ditempat ini.",Pusat Perbelanjaan,Surabaya,0,4.5,"{'lat': -7.251022000000003, 'lng': 112.6620053}",-7.251022,112.6620053
403,Taman Barunawati,"Taman Barunawati yang lokasinya berada di kota Surabaya bagian utara. Taman yang satu ini bisa menjadi referensi untuk dikunjungi karena cukup recommended terutama bagi warga Surabaya atau bahkan warga luar Surabaya. Layaknya taman pada umumnya, memanglah menjadi tempat berlibur yang paling murah namun ada manfaat tersendiri yang bisa dirasakan oleh pengunjung seperti pikiran jadi tenang. Selain itu kita juga bisa mengajak anak atau anggota keluarga yang masih kecil untuk sekedar bermain di playground yang ada di dalam Taman Barunawati. Taman yang diresmikan pada 9 Oktober 2019 itu sekarang kondisinya nampak indah dan asri sehingga dapat mengalihkan perhatian bagi siapa saja yang melewati jalan Perak Barat Surabaya. Berkunjung ke taman ini pun kita tidak perlu merogoh kocek sepeser pun, namun pengunjung masih dapat menikmati pemandangan dan semua fasilitas yang ada di dalamnya.",Taman Hiburan,Surabaya,0,4.2,"{'lat': -7.222055899999998, 'lng': 112.7319967}",-7.2220559,112.7319967
404,Kenjeran Park,"Kenjeran Park merupakan salah satu tempat wisata kekinian di Surabaya. Tempat wisata ini berlokasi tepat di Jalan Sukolilo, Desa Sukolilo Baru, Kecamatan Bulak, Surabaya, Jawa Timur. Dulunya, Kenjeran Park merupakan tempat yang kumuh dan kurang terawat. Tetapi, tempat ini kembali terawat hingga bertransformasi menjadi destinasi wisata modern dan kekinian di tengah Kota Surabaya. Kenjeran Park terdiri dari beberapa kawasan wisata yang bisa pengunjung pilih. Bagi yang membawa anak-anak dan suka berenang, pengunjung bisa mengunjungi Atlantis Land Kenjeran. Lalu, pengunjung juga bisa menyambangi beberapa tempat yang ikonik dari Kenjeran Park. Salah satunya adalah Pagoda Tian Ti. Pagoda Tian Ti ini punya desain yang terinspirasi dari Pagoda Tian Tan di Beijing, China. Namun, Pagoda Tian Ti terdiri dari tiga lantai dengan diameter 60 meter dan tinggi 58 meter. Tempat ikonik lainnya adalah Patung Buddha 4 Wajah. Patung Buddha memiliki ketinggian 36 meter. Tempat menarik lainnya yang bisa pengunjung sambangi adalah Klenteng Sanggar Agung. Di klenteng ini, pengunjung bisa melihat patung Dewi Kwan Im dan sepasang naga merah keemasan yang langsung menghadap ke pantai.",Taman Hiburan,Surabaya,35000,4.2,"{'lat': -7.252296400000001, 'lng': 112.7966952}",-7.2522964,112.7966952
405,Surabaya North Quay,"Surabaya menjadi kota besar yang sering menjadi tempat tujuan wisata. Berbagai tempat belanja dari tradisional hingga modern ada di Ibukota Jawa Timur ini. Namun, apakah tidak bosan wisata belanja saja di Surabaya? Jika bosan, datanglah ke Surabaya North Quay, objek wisata baru di Surabaya. Surabaya North Quay sebenarnya adalah terminal bagi kapal pesiar mewah yang bersandar. Namun, tempat ini sengaja dibenahi supaya dapat menjadi tempat wisata bagi warga Surabaya dan sekitarnya. Bahkan, tak sedikit yang berasal dari luar daerah yang penasaran ingin menikmati pemandangan menakjubkan. Lautan lepas dengan kapal pesiar mewah yang bersandar di terminal ini, menjadi daya tarik utamanya.",Taman Hiburan,Surabaya,50000,4.4,"{'lat': -7.1968193, 'lng': 112.7324578}",-7.1968193,112.7324578
406,Kebun Bibit Wonorejo,"Meskipun namanya kebun bibit, namun kawasan ini rasanya lebih cocok disebut sebagai taman. Kawasan Kebun Bibit Wonorejo ini terbagi menjadi 2 bagian, yaitu Taman Aktif dan Taman Pasif yang total keduanya mempunyai luas sebesar 5.9 hektare. Cuaca panas yang bikin gerah memang paling enak didinginkan dengan berkunjung ke tempat adem. Selain mall, taman kota di Surabaya seperti Kebun Bibit Wonorejo ini juga pilihan yang tepat. Pengunjung akan dimanjakan dengan udara sejuk. Hal ini karena banyaknya pepohonan yang menjulang tinggi.",Cagar Alam,Surabaya,0,4.4,"{'lat': -7.312365499999999, 'lng': 112.7889021}",-7.3123655,112.7889021
407,Taman Ekspresi Dan Perpustakaan,"Taman Ekspresi Surabaya tidak hanya menyuguhkan taman yang rindang dan asri. Taman di Jalan Gentengkali ini juga punya fasilitas penunjang berupa perpustakaan di sisi barat. Perpustakaan yang dikelola Dinas Perpustakaan dan Kearsipan Kota Surabaya tersebut memiliki 3.412 koleksi buku. Buku-buku yang ada di perpustakaan sangat lengkap dan baru, dari cetakan 2009 sampai terbaru 2019. Mulai buku bahasa, filsafat, psikologi, agama, matematika, ilmu alam, ilmu sosial, keluarga, teknologi, seni, sastra, geografis, sejarah, hingga bacaan untuk anak-anak.",Taman Hiburan,Surabaya,0,4.5,"{'lat': -7.2573072, 'lng': 112.7437199}",-7.2573072,112.7437199
408,Kebun Binatang Surabaya,"Kebun Binatang Surabaya (KBS) (Dialek Arekan: Kebon Binatang Suroboyo) adalah salah satu kebun binatang yang populer di Indonesia dan terletak di Surabaya. KBS merupakan kebun binatang yang pernah terlengkap se-Asia Tenggara, di dalamnya terdapat lebih dari 981 spesies satwa yang berbeda yang terdiri lebih dari 2.806 binatang. Termasuk di dalamnya satwa langka Indonesia maupun dunia terdiri dari Mamalia, Aves, Reptilia, dan Pisces.",Cagar Alam,Surabaya,15000,4.3,"{'lat': -7.295954599999999, 'lng': 112.7366094}",-7.2959546,112.7366094
409,Rumah Batik,"Di rumah batik ini terdapat sekitar 2000 lembar batik yang memiliki ragam corak yang beraneka macam. Aneka batik tersebut terbuat dari berbagai macam jenis bahan yaitu seperti prima, primis, santio, sutra, prishmina dan sarimpit. Tidak hanya kain batik saja yang dapat anda temukan di rumah batik ini melainkan juga ada sarung batik, baju batik, celana batik, rok batik, selendang batik, dan lain sebagainya. Untuk anda yang ingin segera mengunjungi rumah batik di Surabaya ini maka berikut informasi alamat dari rumah batik itu sendiri. Jadi rumah batik tersebut pada mulanya terletak di jalan tambak, dukuh 1, no.4, rt.01, rw.09, kelurahan kapasari, kecamatan genteng, Surabaya. Di tempat ini anda akan melihat berbagai macam batik yang di pajang yaitu mulai dari batik Surabaya, bangkalan, sidoarjo, sumenep, mojokerto, ponorogo, tuban, jombang, dan bojonegoro. Karena koleksi yang di miliki di rumah batik Surabaya ini sangat beragam tentu saja membuat banyak pengunjung yang ingin datang ke lokasi ini. Setelah itu rumah batik ini di pindah di lokasi jalan margorejo, no. 143, Surabaya.",Budaya,Surabaya,0,4.5,"{'lat': -7.278735999999999, 'lng': 112.718453}",-7.278736,112.718453
410,Ciputra Waterpark,"Ciputra Waterpark Surabaya – Bermain air di waterpark memang bisa menjadi alternatif rekreasi kaum urban di berbagai kota besar. Tidak hanya Jakarta, Surabaya sebagai salah satu kota metropolis di Indonesia juga sudah mulai bergeliat membangun tempat rekreasi keluarga. Salah satunya waterpark yang bisa menjadi tujuan wisata keluarga adalah Ciputra Waterpark Surabaya. Berlokasi di Waterpark Boulevard, Citraland “The Singapore of Surabaya”, Surabaya, waterpark yang berdiri di areal seluas 5 hektar menawarkan beragam aktivitas dan atraksi menarik. Tidak salah jika waterpark yang satu ini mengklaim sebagai water attraction terbesar Indonesia.",Taman Hiburan,Surabaya,95000,4.3,"{'lat': -7.2861707, 'lng': 112.6333338}",-7.2861707,112.6333338
411,Masjid Muhammad Cheng Hoo,"Masjid Cheng Hoo Surabaya adalah Masjid bernuansa Muslim Tionghoa yang berlokasi di Jalan Gading, Ketabang, Genteng, Surabaya atau 1.000 m utara Gedung Balaikota Surabaya. Masjid ini didirikan atas prakarsa para sespuh, penasehat, pengurus PITI, dan pengurus Yayasan Haji Muhammad Cheng Ho Indonesia Jawa Timur serta tokoh masyarakat Tionghoa di Surabaya. Pembangunan masjid ini diawali dengan peletakkan batu pertama 15 Oktober 2001 bertepatan dengan Isra' Mi'raj Nabi Muhammad SAW. Sedangkan pembangunannya baru dilaksanakan 10 Maret 2002 dan baru diresmikan pada 13 Oktober 2002. Masjid Cheng Ho, atau juga dikenal dengan nama Masjid Muhammad Cheng Ho Surabaya, ialah bangunan masjid yang menyerupai kelenteng (rumah ibadah umat Tri Dharma). Gedung ini terletak di areal komplek gedung serba guna PITI (Pembina Imam Tauhid Islam) Jawa Timur Jalan Gading No.2 (Belakang Taman Makam Pahlawan Kusuma Bangsa), Surabaya. Masjid ini didominasi warna merah, hijau, dan kuning. Ornamennya kental nuansa Tiongkok lama. Pintu masuknya menyerupai bentuk pagoda, terdapat juga relief naga dan patung singa dari lilin dengan lafaz Allah dalam huruf Arab di puncak pagoda. Di sisi kiri bangunan terdapat sebuah beduk sebagai pelengkap bangunan masjid.Selain Surabaya di Palembang juga telah ada masjid serupa dengan nama Masjid Cheng Ho Palembang atau Masjid Al Islam Muhammad Cheng Hoo Sriwijaya Palembang. Nama masjid ini merupakan bentuk penghormatan pada Cheng Ho, Laksamana asal Cina yang beragama Islam. Dalam perjalanannya di kawasan Asia Tenggara, Cheng Ho bukan hanya berdagang dan menjalin persahabatan, juga menyebarkan agama Islam.",Tempat Ibadah,Surabaya,0,4.7,"{'lat': -7.252275399999999, 'lng': 112.7468796}",-7.2522754,112.7468796
412,Masjid Nasional Al-Akbar,"Masjid Nasional Al Akbar (atau biasa disebut Masjid Agung Surabaya) ialah masjid terbesar kedua di Indonesia yang berlokasi di Kota Surabaya, Jawa Timur setelah Masjid Istiqlal di Jakarta. Posisi masjid ini berada di wilayah Kelurahan Pagesangan, Kecamatan Jambangan, Surabaya dan tepat di samping Jalan Tol Surabaya-Gempol. Ciri yang mudah dilihat adalah kubahnya yang besar didampingi 4 kubah kecil yang berwarna biru. Serta memiliki satu menara yang tingginya 99 meter. Masjid Nasional Al-Akbar Surabaya dibangun sejak tanggal 4 Agustus 1995, atas gagasan Wali Kota Surabaya saat itu, H. Soenarto Soemoprawiro. Pembangunan Masjid ini ditandai dengan peletakan batu pertama oleh Wakil Presiden RI Try Sutrisno. Namun karena krisis moneter pembangunannya dihentikan sementara waktu. Tahun 1999, masjid ini dibangun lagi dan selesai tahun 2001. Pada 10 November 2000, Masjid ini diresmikan oleh Presiden RI KH. Abdurrahman Wahid.",Tempat Ibadah,Surabaya,0,4.9,"{'lat': -7.336614099999998, 'lng': 112.7151806}",-7.3366141,112.7151806
